file,Sub-IForest,IForest,Sub-LOF,LOF,POLY,MatrixProfile,KShapeAD,SAND,Series2Graph,SR,Sub-PCA,Sub-HBOS,Sub-OCSVM,Sub-MCD,Sub-KNN,KMeansAD,AutoEncoder,CNN,LSTMAD,TranAD,AnomalyTransformer,OmniAnomaly,USAD,Donut,TimesNet,FITS,OFA,Lag-Llama,Chronos,TimesFM,MOMENT (ZS),MOMENT (FT),ts_len,anomaly_len,num_anomaly,avg_anomaly_len,anomaly_ratio,point_anomaly,seq_anomaly
001_NAB_id_1_Facility_tr_1007_1st_2014.csv,0.0856062745908864,0.135409459457928,0.1403213311012040,0.1387389264873460,0.2611759737858600,0.0939662130617208,0.0908610723637126,0.084533370930792,0.1943103742535930,0.1347664162943260,0.1803477717070330,0.08609099357614,0.1292072496284680,0.1288847604236330,0.1354823472499150,0.1185411848114720,0.3208745420860940,0.1221912748107010,0.0998414709812045,0.0934558238927272,0.0964820152661205,0.0855349772895643,0.1243227068557640,0.126143452977839,0.2206943672773090,0.3497496580418920,0.2964453899073020,0.1299027081987450,0.1476664075454670,0.1487694547949120,0.5724368938575730,0.5736119643477880,4031,343,3,114.33333333333300,0.0850905482510543,0,1
002_NAB_id_2_WebService_tr_1500_1st_4106.csv,0.082170716160079,0.1483987589917780,0.1188635426535270,0.1382180178724430,0.6259498149866340,0.0801197660840151,0.0647057647633488,0.1461751761609900,0.5731075776378070,0.1441106385944550,0.5310826230001710,0.0834959452928222,0.1300222222559010,0.1686664471021090,0.144028358142078,0.1784358421461530,0.4612929715690540,0.2122024337880170,0.1274853506505540,0.1222795245223550,0.1221942349983920,0.143125833924387,0.4020646925599210,0.108774800472867,0.1762040359861240,0.270327388202425,0.1489856797728590,0.1358339658285360,0.1362799824453350,0.1375816885068360,0.3397678851333580,0.3406602810304630,6000,637,1,637.0,0.1061666666666670,0,1
005_NAB_id_5_Traffic_tr_594_1st_1645.csv,0.0956743426120377,0.1179809949268220,0.0588915968871072,0.1064317774946500,0.1638654700915050,0.0904390356708668,0.0990009803190569,0.2896035987628440,0.1170604252947290,0.1036001310918960,0.1285931744564570,0.0860839622289313,0.1045440613944820,0.0737336954703616,0.0576330554296657,0.0624789151041981,0.0989320027263887,0.1095108852162450,0.0940633174055891,0.1024029880216430,0.103351018300334,0.1027772546374150,0.1130873554972380,0.1044698276409460,0.1058848475577590,0.1412461767589650,0.0974499345556725,0.1001926037608220,0.089369864981724,0.0994840572301652,0.12870905589428,0.1267562805043210,2379,238,1,238.0,0.1000420344682640,0,1
006_NAB_id_6_Traffic_tr_2579_1st_5839.csv,0.362309464107844,0.1592643067063670,0.6614458667384510,0.1550245413291350,0.2466582678127550,0.7040539652584280,0.8405981274496450,0.5707721140575640,0.4013040755533540,0.1309868307466460,0.2275982570031070,0.6247352066908530,0.1458534297035900,0.3141505839431270,0.789817972223631,0.5637036320592720,0.4956368120482680,0.1158439786643550,0.0997914487107231,0.098502174867812,0.1260161432676250,0.099462395620342,0.0880792758972597,0.1355152969670160,0.1148205714906930,0.1101366364521510,0.0976966070839695,0.1106375888050370,0.1297084434414110,0.114509055915983,0.0917967693108481,0.0975519805070187,10319,1030,5,206.0,0.0998158736311658,0,1
008_NAB_id_8_Synthetic_tr_1007_1st_2734.csv,0.7493179293503950,0.2400522617544960,0.7716108271126270,0.1203849825657690,0.7961198238540140,0.7360193697595940,0.7740153740580780,0.7140658804857240,0.6839835879684710,0.4385814656619270,0.8033203957417970,0.3786938949942530,0.1035043995130320,0.1199103099439530,0.1738331490857750,0.3504451726865120,0.7860766160989,0.372771684820141,0.3213057527102200,0.3767189716207100,0.1097604272681320,0.3918052029892920,0.83153604537042,0.3407485079331250,0.5320242465348900,0.4185018521429440,0.4760979844764510,0.3389578162608670,0.2598549624371530,0.3413886516130170,0.7944630476846430,0.7932880475448290,4031,402,1,402.0,0.0997271148598362,0,1
009_NAB_id_9_Traffic_tr_500_1st_438.csv,0.1095543109678270,0.1752692798565000,0.102087248002685,0.155073672852027,0.7511137903330030,0.2080631261157050,0.0722105296368818,0.1319222461387690,0.1565542866871030,0.1742642506031740,0.2632657955412330,0.164617337695702,0.267202140680002,0.1670371137320950,0.0909941045161686,0.0935351049240589,0.1463632370838260,0.198473432929451,0.2052428818327100,0.176286427136838,0.1329164825652890,0.1909973582348660,0.2552256622856930,0.188934796087242,0.1739807618753120,0.179458179672047,0.1962586157627520,0.1916579172897850,0.2000397351272980,0.1921490131174500,0.2506001359167480,0.2490732022084100,2161,216,1,216.0,0.0999537251272559,0,1
010_NAB_id_10_WebService_tr_500_1st_271.csv,0.1384585454531600,0.3309065090905960,0.365424335265566,0.3189322786891110,0.5682815766685080,0.149591275009677,0.2118364013316930,0.2321632251810500,0.2353771210277860,0.3215009519651390,0.7569914232962640,0.1452231992218830,0.3105606319630470,0.4021546413516020,0.4518169896904340,0.6160636830026890,0.2207388395849080,0.3763310572564480,0.4512344244090410,0.2711098048324710,0.2943239192127310,0.3738123392947550,0.205768744169678,0.308512567041955,0.3540978606219720,0.3977772391531430,0.4989949348137780,0.320346549205741,0.3830442828375500,0.3280435610994820,0.9813187465510380,0.9802930277012780,1000,148,3,49.333333333333300,0.148,0,1
011_NAB_id_11_Facility_tr_1007_1st_1526.csv,0.0925341082314465,0.4372721826057190,0.1317096635195150,0.2601576850474540,0.9300359177850360,0.1156603517507960,0.1273201853077470,0.1427743890336880,0.8757635738391820,0.4703063563172440,0.8772563883511090,0.1680380963889960,0.4667402615510070,0.0920905184941969,0.0915689166391479,0.0802586272237661,0.4414308213249300,0.3266736359671520,0.0954115893229786,0.0944731431389638,0.1483903188799750,0.0907233513967095,0.0829834855921153,0.2319041686960980,0.3408569228771300,0.6364941211355990,0.2896723988558050,0.3426057167252140,0.215039298912383,0.3376834860736270,0.7158409177289050,0.71652373987746,4031,474,1,474.0,0.1175886876705530,0,1
013_NAB_id_13_Traffic_tr_623_1st_2084.csv,0.0746587552763133,0.2627052459634980,0.0944570881080646,0.1865008117808120,0.7825581445153350,0.0736944851042987,0.8477382699064140,0.8770339015302480,0.8536129148977240,0.2461426235921970,0.8590523300391170,0.0791486131232148,0.4319595545438720,0.0958332274086334,0.100318084371267,0.0738702511747589,0.1570137606713930,0.2699053128538820,0.1124440052119050,0.1208806973484220,0.1665063008714640,0.0975037265098707,0.0792858247532123,0.3504589010916070,0.2811496062511810,0.4938091825232770,0.3048162973697750,0.2955971715612630,0.2212729366118120,0.2770750173872780,0.7589775843112820,0.7602592047484980,2494,248,2,124.0,0.0994386527666399,0,1
014_NAB_id_14_WebService_tr_500_1st_1045.csv,0.2324732688513680,0.0826583437978543,0.236539401742835,0.0961935695896072,0.2570535107102390,0.1474119852186560,0.1289381553108130,0.2814607852566660,0.1074540382794070,0.0783512832536307,0.206458699599878,0.2433528754928510,0.1461551898847110,0.5790752040922690,0.2053820401589360,0.1776917653670410,0.4212482094886120,0.0890342810445061,0.1351669439097240,0.0911980948032422,0.1049374044954470,0.1075627477364120,0.1800656499351010,0.1224011667098560,0.1253164433532160,0.147848028346907,0.1058977230084410,0.0892250936577826,0.1126572342768310,0.0907347473318056,0.4456256043567140,0.471556365449256,1537,152,1,152.0,0.0988939492517892,0,1
015_NAB_id_15_Synthetic_tr_1007_1st_2787.csv,0.8055185638448120,0.2488090762092050,0.8188382125203870,0.2114674715305630,0.2823858835466330,0.838660916792742,0.9999112419634670,0.978820340288271,0.9999992189926710,0.141475720365632,0.0882397894876898,0.7929441235244870,0.4572342451276340,0.1771768721480600,0.8250021802462940,0.9764915739861390,0.1456153345891670,0.1392637860587110,0.1453623250305240,0.144424779083415,0.1571374755970520,0.1439412371013670,0.1294486478932900,0.1475810061427660,0.142273509131574,0.1283814059333160,0.1446236141393280,0.1477685873080600,0.1474290684571730,0.1449344204508410,0.139355071038097,0.1380363341915520,4031,513,1,513.0,0.1272637062763580,0,1
016_NAB_id_16_Environment_tr_1816_1st_3540.csv,0.1001514635278670,0.3589906010618540,0.0801964858788455,0.2550324222905660,0.1563534846771420,0.1067534603094890,0.1045733759995210,0.1298484763931110,0.1492601470483920,0.2096042499158760,0.3747776678051100,0.0990190420369832,0.0773533381563441,0.0753191651063624,0.0835905020314979,0.0742716074909859,0.1449207245714910,0.1165913796583580,0.2020013139957790,0.2005347987834360,0.1020529194240920,0.2041023186763130,0.242448908306488,0.1154423044240810,0.1336218413776040,0.1479259348998170,0.132166569610778,0.1278070725683320,0.1093748167026340,0.1087757528031650,0.1633560422585820,0.1641570453200660,7266,724,2,362.0,0.0996421690063308,0,1
017_NAB_id_17_Synthetic_tr_1007_1st_1805.csv,0.4007496286074750,0.1116059178042930,0.5418505112300290,0.1102604131133900,0.8784963455516460,0.342135046044064,0.5796073212582350,0.5600971359267120,0.5517529540146030,0.1179254152098180,0.407584315520783,0.3619640350982370,0.6249601732239410,0.1677222013143780,0.6119744352803020,0.8211477703140140,0.391516587730974,0.1164708667689810,0.1259275263204790,0.1120755179174850,0.1102539548676800,0.1194143471361330,0.3995811468036750,0.1360184920450160,0.1553605525489020,0.1194387294168820,0.1224357084722770,0.1290986267371400,0.1348639272735790,0.1385631711686910,0.2868042950365750,0.2865724278281670,4031,402,1,402.0,0.0997271148598362,0,1
018_NAB_id_18_Facility_tr_500_1st_669.csv,0.3154590532062970,0.2105429596195980,0.1414464744807580,0.1744472882483950,0.1916060529780800,0.3034838905424240,0.4206056721993590,0.1913762411045050,0.2611129845651700,0.1801317960219800,0.1234012674631370,0.1563341292251350,0.120546593557412,0.1192966708014560,0.1267717799485950,0.1276393185598080,0.2666310118777740,0.2178603861008670,0.1569407332631660,0.2132547757324370,0.1565435405608820,0.2098112155914210,0.2239186432963940,0.1849160181130440,0.1924740850046220,0.203628180822308,0.2010360090427650,0.2070883771065110,0.1771366379229970,0.2040691301838580,0.1364308230015160,0.1371718692005790,1881,188,2,94.0,0.099946836788942,0,1
019_NAB_id_19_Facility_tr_1007_1st_1171.csv,0.103566431570371,0.1236236191072390,0.2879383031112400,0.1224365241890880,0.221271284982045,0.0875392529690446,0.082902868944994,0.2077754215101540,0.1299970654749320,0.1202074147575320,0.1609946159515520,0.0989027059165526,0.1030106881757900,0.4382565658842430,0.1216401765168770,0.1099327809431410,0.4322990640383890,0.0976727710049588,0.1183280634946230,0.1148992961026780,0.1036513047032390,0.1341577404640360,0.1441346511346710,0.1101924711694200,0.1901047822295460,0.1687506159236470,0.1943795996773810,0.1190022304117420,0.1530399317712680,0.146811564640944,0.306521416854966,0.373706535817601,4031,400,2,200.0,0.0992309600595385,0,1
020_NAB_id_20_Synthetic_tr_1007_1st_2679.csv,0.962781745014486,0.3425336430085630,0.894082486356952,0.2190745280376830,0.3656605359883150,0.939568345249074,0.9990590705778980,0.803093409132516,0.9991542952040230,0.1444137526910040,0.1233192028199640,0.9762188680148120,0.949711664377232,0.1405643854796080,0.987721767847026,0.999172240138404,0.4794953204611070,0.1667948522125300,0.2090156962996210,0.2258931026760490,0.2597372843111180,0.1986731198715760,0.1777382829139760,0.2222520460760040,0.1673300032413400,0.1775254116763900,0.1605081429631400,0.1617791333988330,0.1459146003118140,0.1598642135379910,0.1562199854590800,0.1546585312715240,4031,621,1,621.0,0.1540560654924340,0,1
022_NAB_id_22_Facility_tr_1007_1st_2980.csv,0.3013502365207130,0.332358077139768,0.1492692401193520,0.2487988944149870,0.6736574311585170,0.0952090243757599,0.0811600695492733,0.1811140729224440,0.6257688249143200,0.48559452867121,0.5127289504824090,0.3142021971228920,0.1207242139085500,0.1078958581551310,0.141471701682593,0.1545744283372760,0.2587626538259060,0.4375460817099440,0.5025675516880100,0.5110747033315050,0.1599117715390960,0.493135846543009,0.5059121806849760,0.5613342279694900,0.3809028901303960,0.4778378131374790,0.3789111561405500,0.3999918945217770,0.2914158406508780,0.300860945728548,0.7366033089590100,0.7237586065125680,4031,520,2,260.0,0.1290002480774000,0,1
023_NAB_id_23_Facility_tr_4512_1st_16551.csv,0.512033229428505,0.4140985453081200,0.3922526869759110,0.0943826884094401,0.1341985032200020,0.4947012216080470,0.6183509021139010,0.2654250665709540,0.1451387460814110,0.1802530953629490,0.6033842344520940,0.5352031556632260,0.379908036235381,0.4277535800285240,0.4724002502839720,0.5637853355527850,0.6900719491510370,0.114547840473325,0.160271189712614,0.1591902818793190,0.0904892075882343,0.3237979500071900,0.6820363935473650,0.0950845083795023,0.1115987165394270,0.1068379617373300,0.1564312551326200,0.1211481172759920,0.2682727832078590,0.2662003184916260,0.1168008836975030,0.1703801276262320,18049,1498,1,1498.0,0.0829962878829852,0,1
024_NAB_id_24_Synthetic_tr_1007_1st_2787.csv,0.4693292702713470,0.4204998828102600,0.582432374023973,0.2501027047143030,0.7925442324261400,0.5263673105894690,0.0996247692470236,0.6424958825144040,0.9999991368789440,0.3155450540095710,0.8652399729437220,0.5208221594304070,0.4760038704413620,0.1661582201282320,0.5038718252452000,0.9850317533812510,0.1745912162047870,0.305354062411441,0.3814989863794770,0.3800813325219460,0.1591540892389450,0.382117630132119,0.467485603092267,0.1720908765120370,0.2570485881915740,0.3709180104378440,0.2252770772533430,0.2668650819703040,0.2068495067953660,0.2070776471015770,0.390220517846666,0.3926771920578040,4031,513,1,513.0,0.1272637062763580,0,1
025_NAB_id_25_WebService_tr_3958_1st_4614.csv,0.0982013832916367,0.0990728886444831,0.1049676971463840,0.1002693795007230,0.1614339465050990,0.0984509855912949,0.0898834133799347,0.1106238822055200,0.1083965948788500,0.1021630976159020,0.1146325621480230,0.0925860012527698,0.1033133401863640,0.1044742299021410,0.0921047724230254,0.0930591082359179,0.2580160109980730,0.1131822208690600,0.0946959822450702,0.0945117095438218,0.100654061748516,0.0958099715832148,0.18133294400496,0.0969336540647451,0.1086995023072160,0.1281896682541810,0.1029436468388400,0.0995278255527461,0.1000883156749590,0.098076132189126,0.1869132977757500,0.18674306768823,15832,1580,2,790.0,0.0997978777160182,0,1
026_NAB_id_26_Traffic_tr_624_1st_2261.csv,0.0945688828370481,0.117852014036092,0.0652128788059347,0.1001592745403390,0.2663682620479010,0.096377515412215,0.1458890277524240,0.0913477383792264,0.1140757568349160,0.108454821540636,0.183416235729205,0.1001405812111000,0.0833200551935038,0.0653377481963463,0.0673986455475264,0.0610346745721942,0.1046827756552810,0.1122232393405080,0.0709807877003112,0.0729544449556558,0.1017758863001470,0.0659764195647539,0.0535772234062818,0.1292007299106500,0.1175020770265940,0.1197478630581890,0.1170577886066990,0.1100962650387800,0.1136959941533540,0.1220126096340110,0.3849115702574600,0.3828044456119220,2499,238,1,238.0,0.0952380952380952,0,1
027_NAB_id_27_Facility_tr_757_1st_2582.csv,0.0670385145119236,0.1079988173289060,0.1049257991849990,0.0936047634557105,0.6784803541066890,0.058992340252303,0.0951904568503783,0.1144221923969180,0.124673813902578,0.1036988068417450,0.6740220917939180,0.0456967736293605,0.0930797915120628,0.0464703538174548,0.1098138291039710,0.0935590284758278,0.0453025180826347,0.1065016848936980,0.1256217842276870,0.1219995886251500,0.0905261758473927,0.1578635914971450,0.566970263050442,0.0975275447585488,0.1231568175266850,0.1452396911334420,0.1111103164149210,0.1032637845499240,0.1131634079337450,0.1043523484664030,0.4174352926873480,0.416555663986381,3031,200,1,200.0,0.0659848234905971,0,1
028_NAB_id_28_Facility_tr_1007_1st_3447.csv,0.6993326451680510,0.1501958661660110,0.4671801437941190,0.1433678118443530,0.942373467962954,0.9117713269919030,0.999976622044092,0.999976622044092,0.6162314882516720,0.1733743344523050,0.9570701409510210,0.6931295586344810,0.2565132510103250,0.1914963926576030,0.3332499012875820,0.104878203922071,0.3573371281373070,0.151486045288014,0.1547532420682280,0.1497450160735600,0.1374112218770210,0.166830134152286,0.4151704296687780,0.117026592236199,0.1688946156332640,0.1802397907877040,0.2118013449845820,0.1422390291731050,0.1705379082176960,0.1507764156435580,0.3935342739122870,0.3975777975887230,4031,430,1,430.0,0.1066732820640040,0,1
032_WSD_id_4_WebService_tr_4559_1st_11822.csv,0.0121161796661095,0.0190946077298797,0.1427925864276590,0.0774510840012168,0.7947125735469620,0.0053448764329689,0.0088290175377674,0.00736655623744,0.221984946776227,0.1237332466659940,0.0084000789005243,0.0130967443174169,0.0229763520567632,0.4171858513103070,0.1229115483079610,0.1236214790298650,0.0023479851471374,0.0740642100178727,0.0169431232873816,0.0157280365776617,0.0052468783753986,0.0138569814585429,0.0109992052828646,0.0127657846200183,0.4063198745872210,0.0157113254382229,0.060323195021949,0.0854851818211793,0.0685459881757397,0.0620813097389921,0.5019594249602380,0.492666331286196,10686,32,2,16.0,0.002994572337638,0,1
039_WSD_id_11_WebService_tr_1746_1st_1846.csv,0.010290525275046,0.2686734273721890,0.0149484718598108,0.239465639692308,0.4754723836109160,0.006637728773615,0.0161337174442332,0.0297443661150163,0.6407798229962800,0.4322773466638820,0.1456607872885720,0.0174354756265399,0.0224502709162011,0.0158657014798422,0.0137932116318119,0.0132710964757267,0.5995820057782200,0.7111033290437740,0.3169186429290840,0.2907493879470850,0.0471548995615461,0.6806020660933800,0.0230127738207429,0.1701680898760520,0.7423196570615270,0.4811549524485760,0.3625953877021190,0.6200413480602470,0.2238731507230930,0.3233823832190450,0.8034499899735400,0.8036037714994860,18219,132,7,18.857142857142900,0.0072451835995389,0,1
040_WSD_id_12_WebService_tr_4559_1st_9714.csv,0.0053143560513061,0.0049681999503946,0.0249280736668635,0.1324332618852240,0.0120808434991451,0.0973582579215818,0.928110255828226,0.8427576239261780,0.0035516154319632,0.0514810773100545,0.0040290940004044,0.0029305708249521,0.0101698441244703,0.0090593948623589,0.0122938829083317,0.0086614683333742,0.0035256330908243,0.023058453545943,0.0057060166900181,0.0057549616607038,0.0097517641352905,0.0050407073224089,0.0035764524037275,0.0109986592154626,0.0207402002924013,0.0107260469563112,0.0273086261616844,0.0196216763445598,0.0277086114757513,0.0157716602167378,0.0182453366389811,0.0201033116330278,18236,41,4,10.25,0.0022483000658039,0,1
043_WSD_id_15_WebService_tr_4521_1st_6828.csv,0.0008152102315015,0.0847853347062435,0.0036180848645653,0.0652389317717426,0.0144720762948473,0.0023576791674894,0.01879517340344,0.0483476846585054,0.0056587833375591,0.0962511312454554,0.0040626167519137,0.0021415414846994,0.0099968899939866,0.0127431547500726,0.0167890153309572,0.0432171431779274,0.6080966796089450,0.094680148436514,0.0929971957711474,0.0691038366123168,0.0373581092637361,0.0048270334391916,0.0026777482481729,0.0310325333301747,0.1224228924574360,0.0551172455073022,0.1069230987332360,0.0928843304595023,0.1206148531913280,0.1192876720985810,0.4334629576321020,0.5894706699986110,18085,6,2,3.0,0.0003317666574509,0,1
049_WSD_id_21_WebService_tr_4297_1st_7097.csv,0.0028816472136773,0.0427974365889132,0.0037113610701611,0.036424859453331,0.3570837589439200,0.0024204039996514,0.0021506533026837,0.0024701993069347,0.293123316773255,0.0550751927284321,0.2933966113488390,0.0014371711254988,0.0015461582645924,0.0291060692793608,0.0047780110624142,0.0026951402375604,0.0855606451267112,0.0680334601764499,0.0452098069164526,0.0160865065808344,0.0022196317135714,0.1690250863855110,0.0079374328627884,0.0013454162653161,0.0727090908666504,0.0056972514806444,0.0055496091064207,0.0789903260415816,0.0922383614358059,0.1106801565922170,0.1682299168942170,0.1832794624446820,17189,31,3,10.333333333333300,0.0018034789691081,0,1
054_WSD_id_26_WebService_tr_2409_1st_2509.csv,0.0040800322399858,0.0165434626918297,0.0145200790032623,0.0241651066091918,0.0206614322590723,0.0113274241915329,0.2068324150631930,0.1194586697681140,0.0195687681146182,0.1471387543200520,0.013115566909889,0.0046183345897097,0.0316720375062317,0.3296039729841460,0.2339644510051130,0.3746108503774350,0.0084096543490644,0.0590910225015667,0.028937639038698,0.031518259864856,0.0175776149046585,0.027414341200216,0.0259894102038596,0.0226251217879709,0.403151887992434,0.2992127576213810,0.1045307122237260,0.0632597583885991,0.1020248329103780,0.1047283358703120,0.6971975817674330,0.733363494853698,18391,66,5,13.2,0.0035887118699363,0,1
058_WSD_id_30_WebService_tr_1136_1st_1236.csv,0.0006604120205056,0.2639383903261340,0.0125113746847779,0.0015773790972375,0.7365333116612450,0.0004598380064358,0.000567073562145,0.0003331154180712,0.3344330251749660,0.1582201180397010,0.06783344402755,0.0005661007118548,0.0012244299289012,0.0003310034535752,0.0002774951452334,0.0004144208651139,0.1524725180122710,0.1853798559936990,0.1461000084136370,0.1415018826231420,0.0006187193646034,0.1486284434881560,0.0005946655321108,0.0002987728030345,0.1524725180122710,0.0056800700252295,0.0728401726116009,0.2100633780424650,0.1887428878259230,0.1730132075333270,0.1524725180122710,0.1524725180122710,18236,8,1,8.0,0.0004386926957666,0,1
060_WSD_id_32_WebService_tr_4576_1st_4766.csv,0.0056166531128794,0.0390720701186349,0.0054547557769156,0.031203640778972,0.7732967255839860,0.0051912498361526,0.0078212285844739,0.0152545064232134,0.3158513041332120,0.1726644862497140,0.0205878252098636,0.0044264457113095,0.0143621666836076,0.2394178975017760,0.0153817403970044,0.0198077359852306,0.0233174183605189,0.0611546968893012,0.0587958273168145,0.0599644942178367,0.0090753279260998,0.0531173996701087,0.0604402896750216,0.0110582045434508,0.0327427725000219,0.1424443431359920,0.2463657039858770,0.0658320785314375,0.1072943575554110,0.1122925263071720,0.3411326562986350,0.3291556101830830,18305,102,8,12.75,0.0055722480196667,0,1
068_WSD_id_40_WebService_tr_4549_1st_13322.csv,0.0059838622257403,0.0176083600951171,0.0359476320787035,0.0351790429881074,0.2158764402406790,0.0657732041820293,0.0048393525903034,0.0326613007846945,0.058353845184774,0.0543584899090505,0.0362981752040053,0.0208630874895342,0.1041569323364060,0.2139433143242080,0.2480659205842780,0.0689518294787739,0.0019584682094847,0.0232832417665151,0.0016414554457349,0.0016511647232344,0.0029452788821261,0.0015983081757751,0.0017766776216456,0.0032216716598553,0.0297005591517718,0.0019433374617393,0.0087898028421722,0.0255025649154325,0.0428083779150858,0.0339483010791559,0.1292943177264500,0.1294549693961140,18197,29,2,14.5,0.001593669286146,0,1
074_WSD_id_46_WebService_tr_990_1st_1090.csv,0.026597717401177,0.4620933023435990,0.0136635796045633,0.0676516540497445,0.8018740809772840,0.0116644537743348,0.0104565783096712,0.0140059305897023,0.8655641743404250,0.6192161496782940,0.3738596664652610,0.0452100486886547,0.0247497496773531,0.0139704076428783,0.0137110447334604,0.0138603000557402,0.1547876711243240,0.7392386371153230,0.4052329566557060,0.3289557856652310,0.0231543248764016,0.3938171152716540,0.0279313996137608,0.014541099096989,0.1983000925299350,0.1444387701374200,0.3674041634605910,0.7504228624456220,0.599422796040272,0.6990599926040080,0.3544275623752380,0.3526644231563930,18236,290,21,13.80952380952380,0.0159026102215398,0,1
089_WSD_id_61_WebService_tr_1010_1st_1110.csv,0.0463811563418237,0.1976500150153480,0.029141784193313,0.0853488230896469,0.4670388208219540,0.0583622465702045,0.406504587073028,0.138352719965111,0.4621485463235790,0.6553141328460400,0.0835645747637323,0.06076935571279,0.0740185354201693,0.2170315065885180,0.1235253345169860,0.4186112530030320,0.4781942668906080,0.92055551820949,0.2312275860464910,0.2204013783963320,0.0749368742707018,0.1804423682381970,0.0714693489605341,0.2584407280091070,0.7983901718308550,0.5591176005114870,0.6999075479220250,0.887822368085017,0.7869885564575950,0.9067148053148060,0.8143794060001700,0.8158020837725290,17429,241,22,10.954545454545500,0.0138275288312582,0,1
094_WSD_id_66_WebService_tr_3309_1st_3914.csv,0.0035964415414374,0.0085362449155001,0.0136163061889373,0.0553061689937243,0.0181781477783653,0.0059247785722206,0.0632555607830257,0.0307702759709935,0.0114447823086352,0.1057493601472060,0.0083029709053119,0.0029408340856659,0.0282146561333983,0.1170260574877940,0.3562126781549300,0.2364123296529670,0.0035595833590702,0.048286333972578,0.0118550025956591,0.0117307747367053,0.0153745045440651,0.014610002535507,0.0153942378244447,0.0084568959757084,0.0479985425966573,0.0930361515169596,0.2830932792250930,0.0581410379202804,0.0964247463355394,0.1013201293030440,0.7504416906394190,0.7644936983753550,13237,35,3,11.666666666666700,0.002644103648863,0,1
099_WSD_id_71_WebService_tr_4559_1st_14411.csv,0.0163411432918266,0.006328442124991,0.0440264104951432,0.0776475794607217,0.5943131271311930,0.0080948279929024,0.0059572805432487,0.0123511239345836,0.117356706384657,0.0577167296437784,0.005004442487315,0.0061914193007447,0.0513529939103771,0.1455272072610870,0.1202178531836870,0.0830036898014427,0.005225115414331,0.0278076086647165,0.0080176761613991,0.0072893578789934,0.0035708818185102,0.006905150584021,0.0085055030561329,0.0058368946413387,0.015394834509597,0.0131914847016294,0.0259897146905448,0.0330168548130859,0.0284631443312018,0.0363912023104117,0.5772847042782460,0.58500096405824,18236,41,2,20.5,0.0022483000658039,0,1
106_WSD_id_78_WebService_tr_3363_1st_3463.csv,0.0113620277581922,0.8025416614829140,0.0163893543269044,0.2410701378518830,0.190366066766833,0.0128895761415582,0.0178235745174362,0.0191393882397987,0.4595374557230070,0.2178295671102950,0.338893363865089,0.0119934596317876,0.015155964234012,0.0149940559181868,0.0162476011686559,0.0168581515725434,0.0202380949712739,0.4172674077383470,0.5033494968521510,0.4933795194177630,0.0209032634971462,0.4498609377704540,0.4086907171088320,0.4253106129682000,0.3467316309494210,0.3185415655519560,0.1745139072294540,0.26507015674983,0.0986636274796494,0.0993641567162762,0.8878424005564660,0.8881524721458880,18236,221,3,73.66666666666670,0.0121188857205527,0,1
113_WSD_id_85_WebService_tr_500_1st_335.csv,0.0060311512891207,0.0364978587205992,0.0160698914306793,0.0637282289823787,0.0323974014120708,0.0284181520137532,0.2334288132825180,0.2402302866544390,0.0322229955869848,0.2506791795330050,0.018820010529955,0.0085527112320439,0.0181424605670779,0.5238074177042200,0.4626833941014700,0.3350363490359000,0.0068284823090908,0.0908819247475115,0.0450012927389931,0.0434983135466044,0.0283957244070679,0.0397023661445786,0.0374464922053418,0.038213975963205,0.9154909655675470,0.0320472604799888,0.0937646822967571,0.0913277089326684,0.1847031419781530,0.1732504935538090,0.7890667227269470,0.7955556964207370,18242,113,8,14.125,0.00619449621752,0,1
117_WSD_id_89_WebService_tr_3251_1st_3351.csv,0.0004083664331638,0.0841051510744284,0.0001677874665563,0.0043199735083423,0.4112856434254000,0.0003231047937143,0.000472049592586,0.0002199292252647,0.3701044785174830,0.3350081130183820,0.0061295785091053,0.0001557039980245,0.0006272443225584,0.0004546988633547,0.0001640066884448,0.0002071650570049,0.0823073371179383,0.3396625097554820,0.3339642831519250,0.0412414776334511,0.0003317222917552,0.0052537413398592,0.0019574430422382,0.0012471016259845,0.0022197417819498,0.0044281356043514,0.0439920025935639,0.3355861918434780,0.3439869028952290,0.3438238668465790,0.0202841310463289,0.0662239953860555,16376,3,1,3.0,0.0001831949193942,0,1
125_WSD_id_97_WebService_tr_2217_1st_2317.csv,0.0065947851308087,0.0144976175916972,0.0068486705852264,0.0374878744077433,0.6785214374541640,0.0084155164399675,0.0109113159334789,0.0900292375731012,0.238799591684519,0.1450518963649680,0.0156476469059049,0.0073342809620783,0.0251437993008896,0.2966222886285640,0.0295600500238536,0.0449362003240158,0.009816537215699,0.069126953817655,0.0238993692860754,0.0239878238720742,0.0155698765731579,0.0214554928400042,0.0221706858448497,0.0171148800843914,0.164777362433208,0.0377982007267369,0.0343919250026773,0.0698264588500295,0.1101663712477330,0.1117584483488780,0.3874854190771390,0.3908894547351360,18250,162,10,16.2,0.0088767123287671,0,1
130_WSD_id_102_WebService_tr_2362_1st_2462.csv,0.0088753232106126,0.1611530284146430,0.0092424716032687,0.0930061735102758,0.7220829017560690,0.0089219745575749,0.0084845561060334,0.0170978901642146,0.374718774830385,0.1727344057503120,0.1207362579529790,0.0107488284567171,0.0205749681980863,0.0595550272966837,0.022242490536392,0.024517158030096,0.0151239511802594,0.210750349555166,0.0673060800497842,0.0620522650668344,0.0169726083563236,0.0591570823306234,0.0398014919582351,0.0150929574135595,0.1813230273014840,0.1395779166272700,0.0712827543841816,0.1424730878364210,0.0992247931404563,0.1499370883007830,0.5863570220268600,0.5603930260294650,18236,195,9,21.666666666666700,0.0106931344593112,0,1
137_WSD_id_109_WebService_tr_4559_1st_14404.csv,0.0107734952819129,0.0051605370194727,0.1614312677322540,0.0391784995592268,0.5755462569992420,0.0059066272633863,0.0050545796495758,0.0056576776053126,0.0739708636043516,0.056135432482751,0.0058662709523768,0.0247155124787475,0.0596138004605485,0.2781198065525690,0.1567816459907240,0.0828169519088336,0.003051956305374,0.0234654271381152,0.0087830121911736,0.0086058825115821,0.0045420665441719,0.0076443256858546,0.0092542707429635,0.0052705184584414,0.0938353494421906,0.0161187904282897,0.0338315746591645,0.0301064607604288,0.0267376860165256,0.0276178164039644,0.6036600242660290,0.6415706151221780,18236,59,2,29.5,0.0032353586312787,0,1
139_WSD_id_111_WebService_tr_1701_1st_1801.csv,0.0051723449985736,0.345223776177762,0.0208537173885849,0.3144146814462570,0.3201466419219860,0.0112906918979719,0.013583111033989,0.0185121095766639,0.401992413891171,0.5046050571580440,0.3131103374257210,0.0091885022221089,0.0264045324747387,0.0297522551052908,0.0205501755257604,0.024308853870059,0.549758557201465,0.7089407451531600,0.3195244667858540,0.2868324857759800,0.0322322954343446,0.5004471851237520,0.0961967937619504,0.1686108865810120,0.577741449072623,0.5146824748564810,0.3888489253220930,0.4954965420877200,0.3341899247485280,0.4556997010451330,0.70824898667045,0.7025604364901230,18381,87,8,10.875,0.0047331483597192,0,1
140_MSL_id_1_Sensor_tr_530_1st_630.csv,0.9542962950770760,0.0793711661657013,0.9785208665447170,0.0793711661657013,0.99647743347367,0.9946457455362840,0.9996409849330060,0.1528311992359590,0.1053488898275720,0.1511387275175500,0.9469995675998990,0.9676720624340220,0.9981840619712750,0.0,0.9788948611572010,0.9991450352112400,0.8235461401817590,0.3778084903168050,0.5696519532654450,0.0789922140477634,0.0716992592170821,0.1054693778701750,0.438349144874703,0.2522378263983890,0.3015691109885590,0.2251373981894650,0.3884071266404810,0.3764235882414720,0.108164249630673,0.3491623703575170,0.6047489622449910,0.6020801365423770,2430,121,1,121.0,0.0497942386831275,0,1
141_MSL_id_2_Sensor_tr_500_1st_550.csv,0.205686512336601,0.3327139429300020,0.5658517712063750,0.2918100905707140,0.9275813823665440,0.4817764267246830,0.586535047420745,0.4085541885288040,0.2227876687481520,0.2854451217287110,0.5532267822934030,0.1690761335298430,0.296626480136044,0.4987314059393000,0.3022149659886380,0.3431841404984460,0.2562346809791640,0.4237287770424440,0.2160931880259370,0.2285088717746060,0.2668419251998940,0.2249660191534400,0.1672180187802550,0.2621697795249320,0.4486815542180610,0.3953085348420700,0.4626080976128550,0.3276055547029580,0.3088478221709910,0.420526659527759,0.5135567948920500,0.51535419808295,2264,312,2,156.0,0.1378091872791520,0,1
143_MSL_id_4_Sensor_tr_980_1st_3550.csv,0.0291528426522218,0.578013645631212,0.0418102881894016,0.0596893699085842,0.5495115253203620,0.0704184443945952,0.1080937732275090,0.2610506619109030,0.661664480402503,0.5623638473752620,0.9995165377284070,0.027906489941498,0.0881563056601726,0.0539362392085761,0.047380168830224,0.0335072030582137,0.3482140719687080,0.7661948805433210,0.6711724031635570,0.5910312333751510,0.0629115797003075,0.6115236578644230,0.9998469738484010,0.5821428652124510,0.499846680699012,0.7852727692050800,0.3513885077912320,0.6462003173857010,0.2071550806532380,0.5381539508294740,0.8475853083154330,0.8484946200860040,3922,151,1,151.0,0.0385007649158592,0,1
144_MSL_id_5_Sensor_tr_1525_1st_4590.csv,0.711051886277723,0.0377723097370397,0.5232641272859750,0.038326112334202,0.0513334435416188,0.5037635505969030,0.9874240306772990,0.0206712876544579,0.0538581916049794,0.0351736393210982,0.019930394623443,0.0199971458433977,0.1113009609363650,0.034512021084765,0.0366716399193135,0.6492016227354450,0.0307762168942795,0.0487501573737805,0.0330666074356573,0.0333019432320178,0.0535981890823224,0.0336048653229981,0.0223856057582353,0.0468140204032991,0.0254110548646711,0.0304344361289525,0.0286666700330176,0.0335152003030848,0.0333447946771624,0.0269075569101636,0.0223074890936186,0.0223836546674746,6100,131,1,131.0,0.0214754098360655,0,1
145_MSL_id_6_Sensor_tr_530_1st_630.csv,0.280169347053409,0.1983078574428880,0.1023614789641300,0.1037791834467270,0.2491090580922510,0.8701184730142990,0.9963036594833780,0.8794815308074000,0.21828775927549,0.1033083506306560,0.111626803087226,0.2718634890505170,0.1799195975667980,0.1750943033440630,0.5729808605662640,0.9970733346910400,0.2106579672449340,0.2463291002025120,0.1386766621434360,0.127248790417852,0.2292152597010530,0.1297565652450100,0.1196554946797380,0.0683298635146517,0.2685046013154170,0.1242629967935500,0.308284838693165,0.1225903541419590,0.2338014754341510,0.2562038300991420,0.3175647859078440,0.3205361446815490,2430,121,1,121.0,0.0497942386831275,0,1
147_MSL_id_8_Sensor_tr_590_1st_690.csv,0.1973563925435460,0.3324121438755520,0.1030007663254290,0.2523674614484690,0.4485237287755020,0.3160317824832410,0.0837668108338562,0.1833492543417920,0.1700676267254490,0.1140430148903030,0.1250130670659710,0.2155936783721510,0.2166885234793160,0.2179599592340390,0.2215438884837040,0.1827617242236120,0.1960207247152560,0.1750106680575110,0.1662544987385680,0.1263264004788380,0.147513744771613,0.1306486034654670,0.1232733562751400,0.1353602668069710,0.3113801248823360,0.6444761934593970,0.2680463637578490,0.3475974477018330,0.1578085667754260,0.4368947844738060,0.5810129469471880,0.5823104987686820,2430,252,2,126.0,0.1037037037037040,0,1
148_MSL_id_9_Sensor_tr_883_1st_1238.csv,0.114687369130477,0.459566166249542,0.1360972418418200,0.2033506836693080,0.569266786182899,0.1376675867175340,0.1196386208593340,0.195987143692302,0.3464496498265510,0.2584908484512800,0.7945642806539310,0.1051962850095390,0.0871326639684898,0.1628501340051980,0.1191565970874340,0.1548862431788830,0.0593617333555008,0.276546505011823,0.4228784441141790,0.0528048663084011,0.1583646142920600,0.508086936033063,0.0535434237693875,0.0785751747682056,0.3097503558723730,0.2984709300880270,0.2007003096893920,0.2935883046586870,0.2221121936212410,0.2203510901374490,0.8003277634161570,0.8126724922241080,3535,228,2,114.0,0.0644978783592645,0,1
149_Stock_id_1_Finance_tr_500_1st_7.csv,0.67983219438055,0.9949917489180380,0.7644934790141710,0.8019658379218070,0.8423915614897290,0.7330224346833670,0.8051939934818700,0.809108063490987,0.8078734480972930,0.9989720390207260,0.8607167295901020,0.6954809858975670,0.7549667223502130,0.7869346053015380,0.7918857924058950,0.7929265631368020,0.7410680966124890,0.9982750113561920,0.8963981441969240,0.8681219173838320,0.7972188110445940,0.8938243953126230,0.7865616766757020,0.8577277904531940,0.8554065887110480,0.821858308064996,0.8273753082129100,0.9978036342456950,0.9934117937250230,0.9907893633685710,0.8833549077021250,0.8831647082099600,20000,981,931,1.0537056928034400,0.04905,1,1
151_Stock_id_3_Finance_tr_500_1st_62.csv,0.6877224605054770,0.995037100412106,0.8552796212513280,0.8274995272501920,0.8543396604998880,0.8114922683849510,0.828418184299802,0.8063314326711170,0.7858073566766520,0.9975434272993450,0.8597248562460160,0.6904591760302910,0.7329262706632960,0.8601845958408340,0.7627314418974490,0.8799316954321920,0.6542813867586860,0.918507041325224,0.9081806373272400,0.8785633683533500,0.8109985524692940,0.8762074597344480,0.8204311010426140,0.8461455044680180,0.8596640044669910,0.8537942565733750,0.8465333623107500,0.9612896090232650,0.9932172759917670,0.9937541704903510,0.8890461398421450,0.8888215856998960,10000,487,463,1.0518358531317500,0.0487,1,1
155_Stock_id_7_Finance_tr_500_1st_18.csv,0.888726902725001,0.997034539453992,0.876679891228559,0.8985277987999510,0.9226105878898020,0.9222647484856890,0.9209482602784340,0.9067435362607190,0.8847876667628230,0.9995209290278990,0.9257254235663750,0.9002357259351990,0.862050345166809,0.9046406283115050,0.8774544838853850,0.8718803152579290,0.8591153627792650,0.9634150898051080,0.9587155890147140,0.9398722702587800,0.8967941451782990,0.9505097699132680,0.9093363683936780,0.9287828291280140,0.9301807511693640,0.913150484534764,0.9254051668007870,0.9985430096640270,0.996823680831912,0.9957105269852990,0.9455942018179000,0.9455789224782340,20000,973,924,1.053030303030300,0.04865,1,1
156_Stock_id_8_Finance_tr_500_1st_24.csv,0.1722491179730460,0.9830008294237180,0.1464442852855780,0.1386053331980320,0.4460537435394180,0.1251655678781440,0.1325568202635740,0.1342267830107770,0.4071509379089340,0.9882580391985700,0.5048280150952680,0.1410986681215310,0.1550200282338660,0.1610522470358540,0.1120849071949640,0.152494120847083,0.1240890559750710,0.5047373355372300,0.431841230625388,0.1407870638032200,0.137008845945314,0.2333912125773310,0.1445720331780750,0.1465019850931610,0.1561588933847390,0.1362718251309470,0.164068965835741,0.7893822784561770,0.9522148120937350,0.9655455825251150,0.1962169488781630,0.1966308945390850,10000,485,457,1.061269146608320,0.0485,1,1
160_Stock_id_12_Finance_tr_500_1st_14.csv,0.3430918045816470,0.9899144176543660,0.6676143905343560,0.5797744660657560,0.7263917459305530,0.3946000910293830,0.4890055065763880,0.4775525489842440,0.6276727717060870,0.9973235314817760,0.7547667831674560,0.3994667486480640,0.5923035286865540,0.5350372291414970,0.6587899494840710,0.6191412806578100,0.5758141024294360,0.9956579211149210,0.7738738006940650,0.6952418892052170,0.5654205901435150,0.7416565852403310,0.562034397979078,0.6681033277291410,0.7267530446645400,0.6146324760491100,0.5868201221691470,0.9937280444326970,0.9832740224246250,0.9782434219049310,0.7251056590735450,0.7244139413457750,20000,981,934,1.0503211991434700,0.04905,1,1
162_Stock_id_14_Finance_tr_500_1st_4.csv,0.9353321005540250,0.9984126019705830,0.951099407609325,0.9378560858498570,0.9474454672882380,0.944887893211664,0.9384888665813860,0.9376116592313330,0.9329983274655430,0.99928498313424,0.949853631145626,0.9392654509149780,0.9354247384457790,0.9339849426081670,0.9512159348710510,0.942313757869339,0.9495564938621400,0.997307708675961,0.9669377606757460,0.9492255634572030,0.9366831967209700,0.9592118882966800,0.9368913168007530,0.9388735186607270,0.9426305387320740,0.9406977043202460,0.9366507388594070,0.98799190627544,0.998673673278892,0.9877606866391590,0.9544315005933590,0.9543131225615530,10000,1380,1199,1.1509591326105100,0.138,1,1
165_Stock_id_17_Finance_tr_500_1st_7.csv,0.9690831404761580,0.998163339400959,0.974303124966946,0.96932347533351,0.972102244575713,0.9711616899331120,0.9697827301539570,0.969057809201038,0.9708737544595840,0.999931224484786,0.9728658185545490,0.9695988144397920,0.9640416325001360,0.9708417477381430,0.9745780034898220,0.973906647472336,0.9746476488258150,0.999336575124024,0.98386081624986,0.9740640512445190,0.9693327056253990,0.9821972390894850,0.9686960543198890,0.9719268195833240,0.9710038850039580,0.9696592097643400,0.9708039360842120,0.999028578358906,0.998927408830098,0.99857438529079,0.976533237799996,0.9765513489521650,20000,2798,2380,1.1756302521008400,0.1399,1,1
166_Stock_id_18_Finance_tr_500_1st_18.csv,0.8486738786632210,0.9877233665390070,0.8779176771305610,0.8459937842211060,0.8857173109962950,0.8688493044037470,0.8789794750978490,0.8752766590869900,0.8628822542048990,0.999709052130718,0.8896005531248690,0.8575777105240540,0.8549405992025140,0.8544912029334720,0.8788782759997120,0.8709033490861470,0.8799173006249250,0.999247010280061,0.9125645193597420,0.8692226627224240,0.8499791285130590,0.9093343602425270,0.8422672384231700,0.8510054278699320,0.8607741637943660,0.8506382606184950,0.8508124271477260,0.999089695016202,0.9938844538625190,0.9961157860249690,0.8879881867921260,0.888281811513389,20000,2797,2401,1.1649312786339000,0.13985,1,1
169_Daphnet_id_1_HumanActivity_tr_9693_1st_20732.csv,0.0672385377822071,0.3643426603333090,0.0443012467657429,0.1306107409231170,0.5079959670962400,0.0351361839832043,0.0350206563530381,0.0404301530604825,0.1915383859006090,0.1958133954878940,0.4220115663527650,0.0482420724485552,0.0609458443563806,0.0446713350369505,0.0362248394101216,0.0384398250807024,0.0948647759296816,0.3951124279585850,0.1341223491557190,0.1308624229165720,0.0705612858150808,0.1568735211774560,0.122981855468495,0.0603679075164044,0.3896373559711220,0.4269004236118060,0.3555141697424440,0.3946696400811890,0.3106028024362330,0.3551813537689800,0.5195850466724390,0.5125140542281630,38774,2306,6,384.3333333333330,0.0594728426265022,0,1
170_MITDB_id_1_Medical_tr_17675_1st_17775.csv,0.0977607913810217,0.0674319499565917,0.3034053381279260,0.0583437810562661,0.0804445512259431,0.3172057486133130,0.8781462254057210,0.7087548031665520,0.6013610720893490,0.0626701550649698,0.0884816636052733,0.0720580340498602,0.0731029803694775,0.0514499529651723,0.0657292503621677,0.0616718363831245,0.0535284559878603,0.0656914649862511,0.0628704278617952,0.0542191584420201,0.0583394598942923,0.0543567470084876,0.0535412372455696,0.0684411626854492,0.0670093996416757,0.0624468430344681,0.0638918701683015,0.0601497860886055,0.0614008799468465,0.0636606171212788,0.0657052157049824,0.0679160001473423,500000,22845,49,466.2244897959180,0.04569,0,1
171_MITDB_id_2_Medical_tr_50000_1st_88864.csv,0.4730805525305380,0.1525226160925060,0.0904399079552849,0.0358264219763102,0.8046787931630250,0.2570529445373630,0.93464961005103,0.8334005469743600,0.8448305455769490,0.0510050564859473,0.7287377322022040,0.3855290042997950,0.0397547678733618,0.0377563943418997,0.1321255219982830,0.4674526273470250,0.0863651939839346,0.3963127211393990,0.3058989179815700,0.1175003290007700,0.1251124070350870,0.1348619515310870,0.2900375679684280,0.1341887481048790,0.116468608937601,0.0994217654547933,0.0656495764261507,0.0637202851514064,0.0398326647406254,0.0652012339417248,0.3185371785800200,0.2536800084638940,650000,19657,42,468.0238095238100,0.0302415384615384,0,1
172_MITDB_id_3_Medical_tr_27274_1st_27374.csv,0.07223333802611,0.0255023521951436,0.4511606211747890,0.0331549901219803,0.0186705173902436,0.7391017847915080,0.3030477706536180,0.3786159030313350,0.7149553326216960,0.040429342950956,0.0183886688307071,0.0229942866437637,0.2258983636596560,0.0562340492543352,0.7031768061401940,0.3075479684118860,0.0338447184581609,0.0765907360039401,0.0445199511620013,0.0247926705845669,0.0305980078039172,0.0250967427998892,0.0263661318419127,0.022867446291993,0.0239049399184865,0.0240124373768298,0.0283937518539722,0.0243947640334104,0.0295162826549228,0.0271257026833271,0.0231174294347484,0.0249427741227446,650000,18109,27,670.7037037037040,0.02786,0,1
173_MITDB_id_4_Medical_tr_13620_1st_13720.csv,0.4113014190653410,0.165973145973314,0.2332713648138580,0.1379232044198710,0.2270953019766270,0.2601193177843430,0.5640017925469980,0.4048810229108680,0.4649282078527860,0.1302993152828710,0.1965674242399040,0.3672504845968850,0.1526824508900450,0.2726400279868760,0.3252430390100640,0.2624431733484640,0.1044716058638700,0.1781669911230530,0.1577092945468900,0.1746709857754360,0.1722334793635190,0.1677658203048390,0.1763759693584000,0.1594280922658320,0.1187524122748410,0.1143035922807770,0.114763846346554,0.1232772199755500,0.1200537342253950,0.1170728374953160,0.1265710457395820,0.1177499152353580,650000,66682,199,335.0854271356780,0.1025876923076920,0,1
175_MITDB_id_6_Medical_tr_27274_1st_27374.csv,0.0351151719451845,0.0388552587513547,0.4338271924056380,0.0331267349804676,0.2782160323183000,0.4039209450175510,0.2610851179484290,0.5295944670741420,0.4513068033853420,0.0364604165511024,0.2514498854359610,0.0345923153577822,0.0382896284670944,0.0500175479497517,0.7082150794648130,0.0384520831119416,0.0368029980963217,0.0378813346827284,0.0379807947533994,0.041726625863017,0.0361127857366714,0.0418036465404639,0.0609539487359838,0.0367756088477485,0.0345447339402497,0.0362834888662414,0.0342279903214279,0.0342740010746085,0.0323712703778075,0.0344219854656989,0.0419535117342724,0.0335441970294987,650000,18109,27,670.7037037037040,0.02786,0,1
176_MITDB_id_7_Medical_tr_6232_1st_6332.csv,0.4694289622113900,0.16481975018258,0.078389708323009,0.0764165663141064,0.7806056640750460,0.2224066091817120,0.9626206288992590,0.9278272512275660,0.9383771342870300,0.0941398189860949,0.861611233482126,0.166813135695983,0.3896836420843340,0.2368073941509190,0.4306305046647730,0.5197383842701270,0.1522815912252650,0.2363936756362530,0.1702885859539730,0.1499121656541760,0.1108954238786780,0.1954833223564790,0.585202283026509,0.1782382887091240,0.1597450856046680,0.2300010282732520,0.0866104275090364,0.1911498065321610,0.0748146519952551,0.0835334753861591,0.3509953072693810,0.3689164269424410,650000,38272,144,265.77777777777800,0.05888,0,1
177_MITDB_id_8_Medical_tr_17675_1st_17775.csv,0.1406150997050490,0.0703688633688091,0.2565215356231830,0.0536922802597783,0.1981589361959260,0.5282429559173480,0.9380796437981060,0.9140039053495040,0.2516943344164620,0.0659263906134466,0.3943253402100150,0.1243500399055440,0.0666952390686538,0.0696110242981104,0.1591072190772060,0.2386789063929840,0.0522197958627852,0.0776103152004239,0.0658766171693515,0.0579490283204408,0.0640931426919817,0.0579022833619491,0.0559698354817973,0.0673517662206025,0.0649015851372198,0.064251571175347,0.0623468095348586,0.0677489671238384,0.0588583267676639,0.0623600505358469,0.0669267412195742,0.0690232480059279,650000,27124,60,452.06666666666700,0.0417292307692307,0,1
178_SMD_id_1_Facility_tr_6000_1st_10609.csv,0.0357238350087586,0.0288305571641681,0.0823482948852028,0.0272330693037713,0.061671332044835,0.0620649882653468,0.1527033135601370,0.1235501658391590,0.0692501101807957,0.0830674184179254,0.0281737515760977,0.0596594434727913,0.0597597047009422,0.0582338128896409,0.092117562095791,0.279916504274691,0.0536748456561873,0.164495814110946,0.1219902746593130,0.0258660053253054,0.0204340853394761,0.0312086098484802,0.1339687321211180,0.0277875036415391,0.1348642625196630,0.1990961081118620,0.150028454853684,0.0564078825909653,0.0463330494152214,0.0524864279299931,0.12189835425941,0.1349490767733160,24000,427,4,106.75,0.0177916666666666,0,1
179_SMD_id_2_Facility_tr_5925_1st_17580.csv,0.1459905904824080,0.0296882894832934,0.0059803921447027,0.0145817562703149,0.938308880261283,0.0319262373137668,0.1844535304904760,0.1792170439389490,0.2571611699094660,0.131681303614937,0.0208882461253512,0.3451982453972350,0.0404886532405273,0.0151600028493898,0.0420442303213465,0.1254424297072140,0.2614242139082220,0.508759150458563,0.3110547084164990,0.0771855888849266,0.0183096459868781,0.0305798321470325,0.6398171470637600,0.0254236078146647,0.3908070620844440,0.3599237878547580,0.3644719363008840,0.1683548704679920,0.1680093015441150,0.1838967097899890,0.9661375314113820,0.9723870246151390,23703,161,1,161.0,0.0067923891490528,0,1
180_SMD_id_3_Facility_tr_5925_1st_17580.csv,0.2258110691520080,0.4458679727010110,0.0425465351260784,0.3050078147092400,0.9360847054510060,0.4373295105160030,0.0043360033834807,0.0116107643824641,0.4158056945030380,0.7557452831517370,0.7494200634805750,0.3527267708736450,0.3025420652259890,0.0503065662902152,0.1167131047869140,0.2468427527709060,0.5843207757561270,0.5426945204248820,0.4828170020477070,0.6282057909614220,0.0069669337081104,0.5829469679640300,0.944545057083964,0.4748901914269280,0.7464612888986310,0.8253569685240340,0.6848821057202010,0.740770786457036,0.4252722527296540,0.5781791837632090,0.9453325072165840,0.9450778606949020,23703,161,1,161.0,0.0067923891490528,0,1
181_SMD_id_4_Facility_tr_5000_1st_15144.csv,0.0687678615089257,0.650462665220618,0.0621748204543534,0.0749901719316493,0.4312621305817800,0.0895608728030881,0.0881214067642101,0.0883677381199272,0.6589224636235980,0.5135141074747690,0.7669919881745470,0.0693090195257124,0.0903265689645354,0.0685490834120287,0.0892400127691874,0.1068227891380020,0.0489094807873624,0.6334672303243370,0.6610457014491910,0.0264139746317752,0.0533843799846264,0.6593103730346000,0.590366082871102,0.6321451751132510,0.5223107424885120,0.5658120438856600,0.414498991355851,0.4311834079819510,0.4679036521666370,0.481135185094484,0.6413946901529400,0.6540492963809370,20000,908,3,302.6666666666670,0.0454,0,1
183_SMD_id_6_Facility_tr_5925_1st_17580.csv,0.2490082505712920,0.089958384684781,0.0337261652541932,0.0625592949871032,0.821652755693584,0.8150931370819820,0.8119790077041430,0.98321322966905,0.3998232238520900,0.5858410500007250,0.0780386881399872,0.2471074990979560,0.0923877436005969,0.187157035620861,0.7526549265124660,0.9701501442840370,0.1092991772750590,0.6986712027468350,0.7758606127255910,0.0939286882574032,0.1272384631824890,0.0926842459832213,0.718189952110236,0.0711377349659037,0.8701924601414490,0.7225236133545760,0.8458054711637120,0.4091687462523200,0.6364937190482030,0.7961289697583790,0.9742620400573780,0.978425243731278,23703,161,1,161.0,0.0067923891490528,0,1
184_SMD_id_7_Facility_tr_7119_1st_15849.csv,0.2135690535717250,0.2397530387963900,0.1449443326623930,0.1289215668129340,0.5860769752614890,0.3474268872212980,0.0756888511799644,0.0884410334648009,0.453355514278713,0.3749602263320990,0.3984855427074440,0.0980317445451726,0.1037102421910520,0.0896506856422548,0.0781235194391124,0.0767810436809884,0.1277622600699870,0.4185409402300850,0.279847655867754,0.0666045091347419,0.2673306361668930,0.4210534634392310,0.6534407307482150,0.1239576932891370,0.4320960627531640,0.4201052798847240,0.4386204952649620,0.323577561316015,0.4041819388862610,0.4089229399616050,0.6089320234381280,0.6094470402857690,28479,2694,8,336.75,0.0945960181186137,0,1
185_SMD_id_8_Facility_tr_5000_1st_15144.csv,0.0585692629615047,0.6397976734770820,0.0356752597149194,0.1918407720023660,0.4442108429144380,0.0278385195083727,0.0307766839762109,0.0308380505280902,0.7213278767960930,0.3035128555504330,0.7496862280855440,0.093058320811145,0.0312107519378109,0.0270924481449071,0.0276294233744863,0.029319190684034,0.04820018588942,0.6285393998621470,0.6681949798120320,0.4485432780938090,0.638397692999447,0.6657362743014280,0.7446781619184010,0.653944506828937,0.5490092498762780,0.5598535174039970,0.4595380228326370,0.4411296865942370,0.2966316700244400,0.3210023455745340,0.6719981589527890,0.6866595966619780,20000,908,3,302.6666666666670,0.0454,0,1
187_SMD_id_10_Facility_tr_5000_1st_15849.csv,0.083633162402392,0.3807934111179730,0.0790336126327331,0.1643429045991210,0.5031004764172530,0.0733694784924132,0.0722489066254219,0.0823910339195714,0.3497589485947830,0.1890744559459730,0.4312808208449880,0.0745971154353501,0.0840641435145121,0.0722954203294677,0.0747597063232787,0.0721951895206096,0.2259507539288980,0.3983457088657680,0.3432101108776240,0.4089769251619780,0.1189157018644860,0.3874207627262440,0.4170086966030980,0.4332851150771320,0.3382183695426290,0.3898602396753120,0.2352292426998930,0.2633642909874690,0.1931050412555060,0.1984409299932420,0.402071220006054,0.4054488330664960,20000,2190,4,547.5,0.1095,0,1
188_SMD_id_11_Facility_tr_500_1st_392.csv,0.2640761233867980,0.1444054120830810,0.1905156635398950,0.0364605126751004,0.3705534337879540,0.1676100761909300,0.2104154358897830,0.1785935856333690,0.3066790231557930,0.3825335817929290,0.3575858570166460,0.2856180816648560,0.1542103913740170,0.1498256414395140,0.2573127776557680,0.3494069202437250,0.3205723743825020,0.346626382651064,0.1452251460683300,0.025450513593122,0.0363622224081081,0.0723548588048324,0.0226048691831232,0.1301997201968800,0.2994529769200510,0.3429810748532050,0.2898515629369190,0.2214166160612970,0.118391759253176,0.1428730497362220,0.4620791296018430,0.4643527937982310,23703,817,12,68.08333333333330,0.0344682107750073,0,1
189_SMD_id_12_Facility_tr_5925_1st_17580.csv,0.0100352927023994,0.232796838095482,0.0059628396486218,0.1843014221027530,0.9263230457070550,0.0119392954086115,0.0057052554763909,0.0048674338626825,0.6464352617512260,0.2549844890903930,0.4210148566086420,0.0117690526998244,0.0564692952217614,0.0780930786358741,0.025339809994791,0.0502339509533289,0.1857806855250040,0.7409270319448540,0.2333236635345480,0.2408305895969760,0.3913893615409650,0.3532721665458600,0.8212399055329850,0.1167934940224830,0.5059733306542450,0.6464267400783740,0.3586555464573820,0.3026316967750400,0.3779169820257000,0.4051939421522650,0.8916936970637270,0.9033849449056760,23703,161,1,161.0,0.0067923891490528,0,1
190_SMD_id_13_Facility_tr_7119_1st_15849.csv,0.0753848255147559,0.2470913008591690,0.1550651804118680,0.1369969775753410,0.6011975486921890,0.0941490646530149,0.0778656046955565,0.0856222698423297,0.3675353752778260,0.3770209514100840,0.5517398974760170,0.0869335047627389,0.1054206721595400,0.1032793294005500,0.0961311128476223,0.0954199081593907,0.3305587621467810,0.3980496767937210,0.2659055268722460,0.0838992842258809,0.2874766886497740,0.3932359767446050,0.5880954008130450,0.2055838926677930,0.3702349698558660,0.4819204736931490,0.4127415930749520,0.3303896128721390,0.377446450979827,0.3962913876567000,0.6812771368843030,0.6806686053310410,28479,2694,8,336.75,0.0945960181186137,0,1
191_SMD_id_14_Facility_tr_4596_1st_4696.csv,0.0139998829389978,0.7460999666424330,0.0170976806706298,0.2796061880414630,0.2810041095102530,0.0238043007412722,0.0176441420113682,0.0215928369699214,0.0897185385717665,0.5658524262189750,0.4819524615000710,0.0298576098938276,0.0212701297287733,0.057259389640579,0.0198023995165815,0.0188347935710575,0.2491116158225620,0.5457444703677450,0.7369212827827200,0.0047268676728748,0.6195890167685090,0.5614276519683300,0.5069545458411880,0.6555289775781130,0.6451157529753090,0.5186307679665140,0.4388706918997650,0.5714833046144670,0.4328643137480150,0.5791974973345590,0.9453218226865560,0.9393268771166930,22700,146,2,73.0,0.006431718061674,0,1
192_SMD_id_15_Facility_tr_5925_1st_17580.csv,0.0416469194300614,0.6565475449388050,0.0113753837127181,0.2467664519957390,0.8963255035593310,0.1351935953220120,0.0040095834986816,0.0040753920811935,0.8357841431725010,0.7201600069943650,0.7841561210396730,0.0148041806924412,0.0086570305107915,0.0071328974547585,0.0082401913650124,0.0093325229080923,0.012076453485026,0.8783399613354190,0.8997619730045960,0.6592794190393090,0.0130990244999428,0.7351201563963580,0.9400571170309750,0.4025111215816990,0.8077756248115800,0.6325804817658760,0.5439550722697620,0.778532166157438,0.6251043705419740,0.6005088942591660,0.866679964502412,0.8777136688238070,23703,161,1,161.0,0.0067923891490528,0,1
194_SMD_id_17_Facility_tr_5925_1st_17580.csv,0.0102054666422219,0.5720349087844850,0.0046523251083441,0.2341641039732400,0.897156115342193,0.007143435476416,0.0097767989566779,0.0041913539588417,0.5844577942531790,0.4169432779651610,0.8220611019989370,0.0269125670085861,0.0495313740724013,0.0060962200565978,0.0072905848692349,0.0047909776819904,0.0080406502250786,0.6647535793081940,0.5341178700474950,0.0047601189758502,0.6034137419982480,0.5554140508950020,0.8784602653396150,0.390452342874127,0.6318197903399040,0.68782292748352,0.3853295717041690,0.5642208222182340,0.2864852034021010,0.2048770173486050,0.873400074368582,0.864116332008284,23703,161,1,161.0,0.0067923891490528,0,1
195_SMD_id_18_Facility_tr_5925_1st_17580.csv,0.016640957314298,0.134388438455081,0.0052376205530665,0.1066348782742950,0.9231671298056760,0.015748409580609,0.0063063205178082,0.0100013762386389,0.7327933946264910,0.6018994511010840,0.1509845700487430,0.0210807407652452,0.018992361803288,0.2019556727303700,0.0159577470653627,0.0172504414487743,0.0557545965081871,0.692201085250406,0.8089483786437500,0.0105138641504423,0.0072568724313678,0.1682924875230540,0.9467129093652910,0.0832568384626439,0.857629227825527,0.6990972583810180,0.7230998199170510,0.4984924978894520,0.6817984772519870,0.7923418207348430,0.936447230467475,0.948383103719645,23703,161,1,161.0,0.0067923891490528,0,1
196_SMD_id_19_Facility_tr_7174_1st_21230.csv,0.0533818410978182,0.0235014505529324,0.0275556455671556,0.1017297224277460,0.3579034070710410,0.0793562181485689,0.0120195907078835,0.0739865361744484,0.200837332262822,0.2480458606546590,0.0086500050386222,0.0572303437475274,0.0295115551780765,0.0326133367074543,0.0708661949715375,0.1508963217426220,0.0165078406950565,0.356907060373437,0.4619088938269100,0.013598545585388,0.0360501094358681,0.0089073783938887,0.3401735509927730,0.0091524141629729,0.6075157177582510,0.6054215285296060,0.5211515772358540,0.1251470705379700,0.0395892447548393,0.1821043847898630,0.7611562603464530,0.7747104645871680,28696,192,2,96.0,0.0066908279899637,0,1
197_SMD_id_20_Facility_tr_5000_1st_15144.csv,0.0856132392612961,0.6470733150480750,0.0484483046168222,0.0903288678176697,0.4602140052058930,0.0764947466080906,0.0693804886717561,0.0718427304484772,0.4905904631984680,0.4931644740935430,0.7578887675575480,0.0868765709278297,0.1004282583117050,0.0561709187399695,0.0758711615000323,0.086848904122206,0.0430009033517963,0.6228102299566340,0.6407131502255140,0.0358749733557082,0.5989149773489640,0.6563405012306890,0.7500454086530350,0.6270830657181330,0.5184602928688500,0.5820397023526680,0.4671213380677740,0.4509649926313730,0.4579728979330580,0.4652872537016080,0.6209760875186240,0.6493150826527850,20000,908,3,302.6666666666670,0.0454,0,1
198_SMD_id_21_Facility_tr_5925_1st_17580.csv,0.3649941117455280,0.4203756043429770,0.0070643228064185,0.124188900603279,0.9413658774452150,0.3061457848297420,0.386512893015001,0.0319532522170878,0.3006689260068320,0.3931253163042540,0.8117431394512640,0.2903303383885990,0.1829869060146540,0.0150787511027975,0.5323191353568340,0.4526515394167960,0.6160242294887710,0.526531687882706,0.4061795071930850,0.0221561129983769,0.4115749070437480,0.2842637888272890,0.8618252158072810,0.3502341421054930,0.736019546306096,0.6284298385655290,0.4762708773431790,0.4874854118654550,0.3583830204718560,0.4284453806039480,0.7854729365793310,0.7873292921799260,23703,161,1,161.0,0.0067923891490528,0,1
199_SMD_id_22_Facility_tr_5925_1st_17580.csv,0.1490051682039240,0.1457155145226920,0.0053902479571027,0.0317462889664743,0.8826489644054140,0.2603624001229650,0.0915214942967305,0.0855415839679418,0.8982008753749070,0.3178128828653540,0.1675601351531150,0.1280006080529290,0.6955585023336790,0.8557374073343280,0.7689227964089340,0.9433676306841080,0.0151180013846258,0.5267023483855680,0.5155617128217220,0.0104153534956076,0.0069502234518112,0.1442030996229600,0.6522594000309200,0.0803507023993315,0.656170092501429,0.3681346470772150,0.5263045879730840,0.2119328829153380,0.3739448386468250,0.4944055499877770,0.8436829726451990,0.8534514414610410,23703,161,1,161.0,0.0067923891490528,0,1
201_SMD_id_24_Facility_tr_7174_1st_21230.csv,0.068193849742289,0.0175050863421394,0.0303324648015882,0.0816844672563384,0.3635224847075320,0.089213820888676,0.0968240746375101,0.0784255499228381,0.157933345167312,0.2580399139677520,0.0087862677625293,0.0664534710925552,0.0384058130756522,0.0407884338904226,0.080744987257055,0.1448053361265220,0.0140609491414191,0.3763905558028470,0.2566668283308920,0.0090624033070669,0.0118040259292557,0.0088061181813559,0.0242116889356615,0.0118010638791244,0.3824381574881730,0.4170910582367680,0.3835573768861220,0.0909893069982122,0.0343744585147246,0.2777910308973670,0.687569140011186,0.7027443092460120,28696,198,3,66.0,0.0068999163646501,0,1
202_SMD_id_25_Facility_tr_6250_1st_21230.csv,0.0222865758771062,0.0036826848341069,0.0400124710837136,0.051916005363779,0.0630925067177154,0.1214034185196740,0.1211271012274940,0.2700491058516090,0.1243519376258100,0.1286981656937090,0.0028101680661129,0.0156230480971586,0.0128808749744023,0.0414360903490596,0.0887648075756178,0.1617501717374780,0.0032515586083605,0.4171569889020850,0.0922734455626586,0.0051203636407508,0.023982195237655,0.0026595545889833,0.2154750313668090,0.0054609122489501,0.3414093932776640,0.4872991170813540,0.1510873714146420,0.0691022016339953,0.0128932879165017,0.1079295619796310,0.555861799878905,0.5794588451638450,25000,66,1,66.0,0.00264,0,1
203_SMD_id_26_Facility_tr_7174_1st_21230.csv,0.0126327877464007,0.1106293198570490,0.0073253591431944,0.0848795323468496,0.5993196962797550,0.0173424172948165,0.5609320484994200,0.0150204871781706,0.1918125992125870,0.1031037216733260,0.5044833577113880,0.0161867277192602,0.0413137051118502,0.0106852902619835,0.0253021438859075,0.0360205027361572,0.2534581906782200,0.5888177670027790,0.3452590028377530,0.0781523564523575,0.1606039394220150,0.0954427948601156,0.8401313104641400,0.0621609438494417,0.5461478476114420,0.625566684099165,0.270382410374322,0.2104323482312890,0.0368917684101122,0.1159036114275470,0.7257966070913400,0.7363000188991340,28696,198,3,66.0,0.0068999163646501,0,1
204_SMD_id_27_Facility_tr_5000_1st_15144.csv,0.1295062832171250,0.6272104527399740,0.0456565056228884,0.257666169977635,0.5573279745309440,0.0341935151507879,0.032994038656967,0.0330135032208711,0.5828293533659540,0.2826877355788360,0.7836001158320590,0.2065890470623770,0.0529069623343539,0.0324976290075927,0.036031589019383,0.0340260407286995,0.0352467255707661,0.5643368309227480,0.6304560102760450,0.2695368685849920,0.3584867909816170,0.6513804753089700,0.7702545738287330,0.6188845202521030,0.4028458939991320,0.5899927654782840,0.2760936582053540,0.3155532560840470,0.2697919192781900,0.2818998021516260,0.724626004126472,0.730906408672828,20000,908,3,302.6666666666670,0.0454,0,1
205_SMD_id_28_Facility_tr_5925_1st_17580.csv,0.181122883531266,0.1013073753857010,0.0347926649005128,0.0788423491135822,0.938308880261283,0.7844743503504690,0.9689073389099870,0.6862052879445400,0.5067078825082670,0.6410150174767800,0.1308250368017560,0.1647600393111350,0.0924583400912681,0.2257928373450880,0.7320435008950000,0.9718428284667940,0.1214846643289130,0.6937673721360750,0.7003399542521190,0.0927828885799844,0.0090380626881622,0.1438580583133100,0.6718484196556750,0.084930394193006,0.7572144163573190,0.6504581905351970,0.8294542186329320,0.4144196346877140,0.6483783908412950,0.7871557425422620,0.973032470312186,0.9774680706869850,23703,161,1,161.0,0.0067923891490528,0,1
206_SMD_id_29_Facility_tr_6250_1st_21230.csv,0.009371098151227,0.0040002582434241,0.0449294894224516,0.0224638862889658,0.0625772643606051,0.0691979098377196,0.0162879854578182,0.0095890123781494,0.0831904556502905,0.1112448619252220,0.0028291489897479,0.0345980189852645,0.009455443656685,0.0230617188641557,0.0554434983439974,0.0725252173024339,0.0026957074284622,0.1517421358315630,0.0827037610939804,0.0035059861039041,0.0047691679959003,0.0027109026283131,0.1241357156033670,0.0053977258843481,0.3180021590677250,0.3672884313528240,0.2644001118381820,0.0472456662909514,0.0120315223769939,0.0985350666066254,0.5467469286323330,0.5742422599980070,25000,66,1,66.0,0.00264,0,1
207_SMD_id_30_Facility_tr_7174_1st_21230.csv,0.039550610064333,0.079502998548007,0.0148741652446981,0.0645201455239806,0.5449632706421390,0.1263986261674120,0.1294038679936440,0.1742652359496100,0.7519170283391480,0.1614855373516040,0.0863324416601388,0.0526807965043176,0.068743503344308,0.1349629877385670,0.1883667696785220,0.1567248369442850,0.1402915725934000,0.5243989288928870,0.3708016032012080,0.0719462521622142,0.1163954053899030,0.0810003067219672,0.9081481594747990,0.0587454958051955,0.5718256815511880,0.799251054777537,0.5233185848699270,0.2365158466495180,0.0449098286498288,0.3442437825828230,0.7825965346287140,0.811272384012411,28696,198,3,66.0,0.0068999163646501,0,1
208_SMD_id_31_Facility_tr_5000_1st_15144.csv,0.0541830541063385,0.679474974412655,0.0313413020720076,0.2093590695426260,0.4241511670870530,0.0292360935398957,0.0319383253518198,0.0355108274921032,0.6467114135122250,0.3551887049636580,0.7379767148603050,0.0552138615941474,0.0349707318166692,0.0274487639266667,0.0299708508714759,0.0332815979557055,0.0373261936600731,0.6726662288831830,0.6401553429538660,0.6035541536403370,0.6658095814315950,0.6830900117897990,0.7342468899845950,0.6893165160606180,0.5570224140865390,0.584619872632138,0.4720645267495660,0.4782741246700910,0.3316441888202650,0.3167627912612230,0.6632799453362760,0.6712341299017860,20000,908,3,302.6666666666670,0.0454,0,1
209_SMD_id_32_Facility_tr_5925_1st_17580.csv,0.0102426090557076,0.5705349225531270,0.0094038808415422,0.1640158383314690,0.2842450844320900,0.0083783459033418,0.0064887851730259,0.0059076217598136,0.2662908977254100,0.205126553819256,0.6145595147266970,0.0091845606308441,0.0058341874263942,0.0048875429769513,0.0077900976227801,0.0084508876738353,0.0093980141030904,0.4947213644662430,0.3859536155201950,0.5522018283898390,0.2551184593375330,0.5157042897381560,0.9162330966419390,0.3709560436946780,0.1405241405533570,0.2850605103939820,0.0516855589159448,0.1405157270520050,0.0910735416086719,0.0963926694962189,0.4153883947743180,0.3839968246428420,23703,161,1,161.0,0.0067923891490528,0,1
211_SMD_id_34_Facility_tr_5925_1st_17580.csv,0.0087154471101625,0.7002201098389880,0.003723998431987,0.0408874217720533,0.8767147365054900,0.0065370227168752,0.0038307075808321,0.0041318292008897,0.7302626844514080,0.4465018419636190,0.7826721349451180,0.0095148982156017,0.0199029451264685,0.004468255934067,0.0037731975471713,0.0039578664342532,0.0513308778270725,0.7139382842880340,0.6962329466490620,0.0109504684997778,0.0069145326465552,0.7506656350184070,0.8283361860057830,0.3573042323798930,0.6960219095224810,0.6085127468364160,0.6843657306673860,0.6479825855337730,0.4652162385861890,0.6096655019755180,0.8301610335648240,0.8289409773568740,23703,161,1,161.0,0.0067923891490528,0,1
212_SMD_id_35_Facility_tr_5925_1st_17580.csv,0.0111736176157066,0.3708637850810490,0.0044498274121883,0.331254112086885,0.9157089477473,0.0146045953626697,0.0041563098645414,0.0322929255204115,0.7551732645117210,0.4775125788466150,0.8632902121312530,0.0093009732030021,0.0191318120284478,0.0159024366749176,0.0150001704321935,0.0157965099293816,0.0524053858519426,0.6203291098751000,0.6554144884013150,0.01171613904822,0.0074384863555062,0.6051550289171130,0.9333167772710890,0.3119071561707670,0.7046665859857840,0.6110791477256490,0.5027815349773540,0.5904155236247800,0.5245671667542810,0.720583887532913,0.8775645016987890,0.900473849957358,23703,161,1,161.0,0.0067923891490528,0,1
213_SMD_id_36_Facility_tr_5925_1st_17580.csv,0.0070187290687233,0.9214454367685060,0.0042326975350411,0.0766229732397504,0.7007299444483470,0.0051465531381648,0.0051796942990428,0.0074857040266063,0.9757530693866200,0.5270410994810580,0.973465771574852,0.008000429643935,0.0156685634988135,0.0039864747095674,0.0053765332092806,0.006241464334215,0.1820471450715440,0.9292832418785070,0.9193147136601130,0.0054486898672366,0.0090380626881622,0.9238852009495270,0.9800933140630250,0.8248727372856580,0.9718065195303130,0.8469069712095120,0.9543230436121780,0.9268909662432700,0.650997845267384,0.8538813380010110,0.9655129412013270,0.962573037205242,23703,161,1,161.0,0.0067923891490528,0,1
214_SMD_id_37_Facility_tr_5925_1st_17580.csv,0.1553220635214040,0.0464339650508626,0.0059915592115875,0.0140256230222891,0.938308880261283,0.0320836681153549,0.1228337154434220,0.0562500357433763,0.2511022384822140,0.1315015358797850,0.0208882461253512,0.3399725136386190,0.0404829008898851,0.0151810888009309,0.0420012031446321,0.1239676900081870,0.262947253184702,0.4966190318784520,0.3754495195827820,0.0283525171780115,0.0873248443999383,0.0302074330113536,0.9632462957647220,0.0246142393221176,0.419871555251279,0.5047974138879560,0.2742356743432970,0.1573961811198280,0.1599278834691770,0.183875093397841,0.966414456001372,0.9728920014948980,23703,161,1,161.0,0.0067923891490528,0,1
215_SMD_id_38_Facility_tr_5925_1st_17580.csv,0.0083499011374547,0.5723733626250320,0.0088367924889056,0.2721391682584110,0.6711002654162300,0.0073110555707389,0.0048159823551646,0.0050420142486828,0.3235234070876610,0.4971288035456900,0.7505507259513140,0.008953454126031,0.0091458696069437,0.0085669606267918,0.0078814391493296,0.0075413615878138,0.0371529191758362,0.5684593613641460,0.5682559258647720,0.5778576685091590,0.0131539019608373,0.6725826494686750,0.7952243662119900,0.4852741213082080,0.545917456582104,0.3247413175464940,0.3250702104218350,0.3369092728350610,0.5988595384987730,0.6704273234694850,0.763386958044263,0.7999417893854010,23703,161,1,161.0,0.0067923891490528,0,1
216_LTDB_id_1_Medical_tr_500_1st_266.csv,0.2912085682843340,0.1740954056440080,0.298805758331286,0.2037483899469910,0.1216890804907430,0.8406625840445620,0.9238951824807490,0.9336614297964690,0.7069494442004830,0.2125846634787200,0.1585718677987720,0.2945992118117620,0.2427653008499510,0.2159423364126540,0.7600648314559030,0.670727074163003,0.2310679831076380,0.1925556718511370,0.1743558445638900,0.1825144003189030,0.2025261872472600,0.1730688718998670,0.190056873556228,0.1844535847538760,0.1415371640218060,0.1698639709260470,0.1385693319351730,0.1615956740093040,0.175489307184235,0.1680191572074280,0.1237712414723820,0.1238304002091710,100000,14857,137,108.44525547445300,0.14857,0,1
218_LTDB_id_3_Medical_tr_500_1st_266.csv,0.5412889785289820,0.1814418274987140,0.3405121374663130,0.2036406860006830,0.1128699323078260,0.8540111803329130,0.9072354034965450,0.9086461261590420,0.4195743637345750,0.1959944034585650,0.1687721785051520,0.573509447875322,0.2441967879432020,0.2363639283042450,0.6436510210510530,0.5163294872519640,0.5642365577905830,0.1842408638573450,0.183976017634318,0.1857763704638960,0.2004860990826940,0.1808514133915470,0.1910987787239480,0.182480114973115,0.1295486411947080,0.1437172634165850,0.132539088772568,0.1558611511418500,0.1744004808949220,0.1632599153609630,0.1126234296046800,0.112617044631228,100000,14857,137,108.44525547445300,0.14857,0,1
219_LTDB_id_4_Medical_tr_3618_1st_3718.csv,0.9321525674937880,0.4430146511286370,0.3520103690481020,0.2610212440771470,0.8562084511108410,0.6747163157590100,0.8827677602795910,0.7274007375759360,0.9690259534651540,0.2932440221395420,0.9268669471627460,0.9344296156208940,0.2554936737856750,0.1783593504534070,0.4896207490341590,0.1637174202708380,0.995335687046831,0.5437611478349410,0.4864725025688710,0.3836746456702470,0.2004262953359660,0.3509301282272050,0.9373007766752040,0.4331774094522430,0.3832275855062430,0.446280589228929,0.381666795764976,0.3681816562259740,0.2906360345457390,0.3165590549548470,0.7309812411531250,0.7633935811403590,100000,14781,116,127.42241379310300,0.14781,0,1
220_LTDB_id_5_Medical_tr_500_1st_26.csv,0.3834338089023450,0.48991066019076,0.3471062062536440,0.372548916815489,0.7637468866363970,0.263379546411547,0.3287902270074450,0.2870654252229760,0.7863309674212700,0.392619914224689,0.7442509585199850,0.4125617345170710,0.3503640733232350,0.248749551778198,0.3205012077885300,0.2196894040277950,0.5332956526843800,0.4638354564701470,0.4868396040775000,0.4115775009903840,0.4111805502023460,0.4909059818665150,0.6833773575142470,0.4371494786556550,0.5025038175562950,0.5606030574789570,0.460598355144273,0.4377324890837080,0.3826741159907040,0.4046181589797640,0.6823942871474880,0.6814877920370020,100000,31565,166,190.15060240963900,0.31565,0,1
221_LTDB_id_6_Medical_tr_500_1st_26.csv,0.5664130128446900,0.4376352486651430,0.4304945783700940,0.3948558263694270,0.4329221982594920,0.4663014847650530,0.7314007152688380,0.7812123253213750,0.5454479918705430,0.4017158951053810,0.4394623310780020,0.6931798135837080,0.3991579246109050,0.3694600792119700,0.5437314537696340,0.4867472615951070,0.6517491266427180,0.4532064392978390,0.4364049602275770,0.4325733322887500,0.3940207898713490,0.4323131961902050,0.4357549800092420,0.4289742009503070,0.4033640803818870,0.4140738310505020,0.4106664033581290,0.408163570338321,0.3912495364243380,0.4001558627363680,0.3864454954855190,0.3854340528194820,100000,31565,166,190.15060240963900,0.31565,0,1
222_LTDB_id_7_Medical_tr_3618_1st_3718.csv,0.8735872875811550,0.3939679241887210,0.3992419243740560,0.2261058468958870,0.8880199896036880,0.530714174369285,0.9828536505541510,0.8107870884152460,0.9682100099432060,0.3519231058880310,0.98006724859728,0.93254331690483,0.2284495209104780,0.2050216980217250,0.3995721313826130,0.3955714344437100,0.993472420323474,0.5562531827178060,0.3894524571129910,0.3695746217743880,0.2324712687209620,0.3929036929459950,0.9813659644242110,0.3539706979894190,0.342606721421591,0.4812992242192370,0.4865335313921280,0.3286800298620070,0.2682736750892660,0.3007065916441470,0.8125254022328810,0.8179961550247360,100000,14781,116,127.42241379310300,0.14781,0,1
223_LTDB_id_8_Medical_tr_4456_1st_4556.csv,0.8651267908213740,0.2773207998186770,0.2952809787248500,0.2182342108129270,0.2573628366618260,0.586505699273378,0.9900315261444650,0.9649011575258820,0.9701333286482490,0.232211891658082,0.3051781362951360,0.8446481996099300,0.4566428028186960,0.210285173635595,0.7454169858620030,0.613411312296837,0.6397090755224760,0.4455758373108410,0.384339130410065,0.2572658701069210,0.1936750691818140,0.24050437298568,0.2357973121746040,0.2139443762651280,0.194714863595498,0.1904017988278400,0.185950769625414,0.1868701794847100,0.1969118039291160,0.2089276833449920,0.1724551320737750,0.1742875405728030,100000,16159,100,161.59,0.16159,0,1
224_LTDB_id_9_Medical_tr_4456_1st_4556.csv,0.8108040337716970,0.3057238959708490,0.2641508669765830,0.2184352482431180,0.6595483989690160,0.4168653822209360,0.9106308932617100,0.8854844794508430,0.9447163916005550,0.2484639177083910,0.7234577520742590,0.8447160255188610,0.4398930338324950,0.2368199539340770,0.6986892068424090,0.8501308021808430,0.9275215213945240,0.495714515082625,0.3004983374430590,0.2906693022012080,0.2890576894320250,0.3184858280637480,0.7259895867013160,0.2642093364008170,0.2563219531801270,0.2849884676320460,0.1969757843152500,0.237635463354377,0.211882986440464,0.2262649478719840,0.4866520371471580,0.5375017605142740,100000,16159,100,161.59,0.16159,0,1
225_MGAB_id_1_Synthetic_tr_25000_1st_38478.csv,0.0034448489108795,0.0042779205928706,0.4866260194814330,0.0049024287048701,0.0051111316897391,0.1178185589553530,0.0052538488442054,0.0040279029761202,0.0038836604939366,0.0048865544637616,0.0045259020371294,0.00378038670174,0.004461228256267,0.0045995959960305,0.1517856069544470,0.0055996100498208,0.0046827824909717,0.0047617924381234,0.0091522266684626,0.0031693528816077,0.0040896083153106,0.0033249035558519,0.0035741256056855,0.0030049806628853,0.0037228299220639,0.003579852863916,0.0040241871434921,0.0038166941388622,0.0042394014636105,0.0042472959689742,0.0040252099301669,0.0033259944857043,100000,200,10,20.0,0.002,0,1
226_MGAB_id_2_Synthetic_tr_20000_1st_45134.csv,0.0026380880147707,0.003814618721187,0.3885716238113160,0.0035503699106299,0.0045148338056219,0.1938876029590900,0.0029756063779902,0.0030428181153817,0.0024950895763362,0.0044269631481971,0.0036504747804604,0.0021488574392888,0.0063953529032701,0.0090306902712653,0.1770739695122010,0.0042573962460188,0.0058088153157553,0.0053525025657819,0.018791806163908,0.0036110084228848,0.0034349957735227,0.0037523466380312,0.0026904153014276,0.0033565548919519,0.0038404686103434,0.0031285409203715,0.0041940143252541,0.0040488971897744,0.0043701334061588,0.0028288264669763,0.0035111725177299,0.0033533437908533,80000,140,7,20.0,0.00175,0,1
227_MGAB_id_3_Synthetic_tr_25000_1st_44340.csv,0.0040953099787721,0.0043450099699833,0.3491658838306040,0.0044822675448705,0.005818588566646,0.2007902144068130,0.0039866494837072,0.0034569775087536,0.004032144163191,0.0047474127634366,0.0053855935351477,0.0036595216065058,0.00344814945361,0.0091369071657594,0.2629539962157940,0.0045202311009406,0.0056186632480942,0.0078196777767993,0.049102586986452,0.0049621039382197,0.0049249777381422,0.0049656842363081,0.0046579502183275,0.0050988075865252,0.0043268737816635,0.0048081310634103,0.0049619682494624,0.0042385668840969,0.0040255552059879,0.0036839112044073,0.0047916021063834,0.0056452590529888,100000,200,10,20.0,0.002,0,1
228_MGAB_id_4_Synthetic_tr_25000_1st_38948.csv,0.0034590208329659,0.0055599621684368,0.395803816006758,0.0045370378747481,0.0122149423006988,0.2300834661152890,0.0050392376696948,0.0051697637757832,0.0048732454962789,0.0060598057040608,0.0063142166381872,0.0040278613395512,0.0129489797784738,0.0064878682858773,0.235431538940117,0.0080628462706315,0.0036492334589762,0.0050126763342401,0.0126457204815539,0.0039443323433435,0.0047819195315327,0.0043349934697091,0.0055842861937879,0.0038338477517888,0.0041482586818598,0.0033335297024436,0.0044575146383047,0.0058872526987152,0.0046972257786246,0.0039325815894653,0.0058691143835246,0.0038610664631301,100000,200,10,20.0,0.002,0,1
229_MGAB_id_5_Synthetic_tr_25000_1st_33098.csv,0.0045132429908544,0.0038247390916202,0.4281140583849520,0.0038104075601678,0.004456331854373,0.2322378682831830,0.0044006901664191,0.0045039660374752,0.0044951528428878,0.0053580413182937,0.0038638190033072,0.0038303409234933,0.0045492618708176,0.0062628165916713,0.1765976843334000,0.0151161875416394,0.0053388185867447,0.005852671157837,0.0241924199306949,0.0044075889279275,0.0045120070106574,0.0042550071577149,0.0042789185034969,0.0050767510069272,0.0042439545574737,0.0048529201306827,0.0041411871198018,0.0042653833634287,0.0045563190123618,0.0037121797673488,0.0035928336017506,0.0042211770468956,100000,200,10,20.0,0.002,0,1
231_MGAB_id_7_Synthetic_tr_25000_1st_35544.csv,0.0030645221983726,0.0044448078548349,0.4946700355289420,0.0037853838530158,0.0045566670279522,0.284026979700188,0.003656413116904,0.0032805610431249,0.0029945550398902,0.0052249722378874,0.0046758696637677,0.003333345845483,0.0047569159391096,0.0056598250868086,0.1429524112242920,0.004249150558176,0.0041805925095507,0.0050892583721134,0.0310053045088118,0.0035327050637742,0.0038367716321291,0.0038608056181411,0.0041749713867775,0.0039926557275976,0.004217176674793,0.0040339509580771,0.0040692911222948,0.0038905440224869,0.0040930557111998,0.0039876608842573,0.0039833695484217,0.0042302925903518,100000,200,10,20.0,0.002,0,1
232_MGAB_id_8_Synthetic_tr_25000_1st_32708.csv,0.0038616590468236,0.0043715358214506,0.3993234393663260,0.0039176233150983,0.004766868891902,0.3763432051313210,0.0068699540457414,0.0067827295403631,0.0055063463423451,0.0073351404393772,0.0044737251313201,0.0042553213070813,0.0087066441996654,0.0087530180304518,0.3009022075275690,0.0068558977674864,0.0064725602472375,0.0057622578329953,0.046406292632412,0.0034707996443893,0.0046560638543445,0.0035724511492925,0.0044365902294491,0.0035363864972016,0.0032541718721522,0.0039500279035539,0.0051351687821261,0.0042443790425762,0.0042985172248297,0.0047877784163987,0.0040739460038411,0.0032333550007041,100000,200,10,20.0,0.002,0,1
233_MGAB_id_9_Synthetic_tr_25000_1st_41300.csv,0.0044676589402593,0.0052403944759272,0.581312921827177,0.0064946785847937,0.0160372963746187,0.6765731222735990,0.0909508082857366,0.0223063881589379,0.0048129203054791,0.0101729976522757,0.008432536924649,0.003453131742367,0.0128277575670043,0.0156666009255486,0.5023254107850700,0.0159843803139711,0.0139089881692488,0.0099639464750847,0.0565078910827213,0.0048258123143357,0.0078825435966304,0.0047211929220917,0.0090652674017751,0.0053126635040152,0.004651935226639,0.0059700868266362,0.0060132694325237,0.0049903071150922,0.0060204457873627,0.0065738347313982,0.004606688454013,0.0067469678532782,100000,200,10,20.0,0.002,0,1
234_SED_id_1_Medical_tr_3740_1st_3840.csv,0.7645891435509640,0.3390742388549600,0.2510626956023010,0.1259243215819500,0.0427888702520516,0.7149614050566570,0.9156915658786730,0.7351738644599470,0.1625049105626640,0.0745673588345788,0.035911254867895,0.8886473263333890,0.0674100635051185,0.1282662069502890,0.8911015573451420,0.8908161908736280,0.4789033127842030,0.0661379470344898,0.0639433668111073,0.0598217248602674,0.1034500299548810,0.0626227910102307,0.0354660246822997,0.0997535226377991,0.0573045939670064,0.0624502249091306,0.0609283240809992,0.0808204787344753,0.0684042011671192,0.0593458291112093,0.040153144330477,0.0400102228372801,19999,960,15,64.0,0.048002400120006,0,1
236_SED_id_3_Medical_tr_3740_1st_3840.csv,0.8085590193955490,0.3776706860847800,0.1806327192018020,0.0936342400723059,0.0320336929991838,0.7330320774653410,0.8674563896933960,0.7687731533540830,0.132116474690055,0.0650337278389995,0.0268552122695028,0.8774017826134640,0.0521153838358249,0.1030210812469180,0.8509302013622130,0.8480547892252910,0.3427898352299200,0.0582706341937769,0.0511168951695917,0.049934990064645,0.0700501962170095,0.0489611195117839,0.0269645030980736,0.1874918267802600,0.0454573922159934,0.0405598837615645,0.0492563982139351,0.0625679591005711,0.0535957588149758,0.0462921269789373,0.0307713564749893,0.0307848161382057,39999,1472,23,64.0,0.0368009200230005,0,1
237_SVDB_id_1_Medical_tr_11587_1st_11687.csv,0.2120342803610080,0.2241794825751970,0.1166794575449380,0.0802590714008744,0.9193927882672450,0.064571913594219,0.9889733753758480,0.7703876774040780,0.9558700421189590,0.1178973189642520,0.9064265488091560,0.3275910331062170,0.2123629959142560,0.0620710835355554,0.1516921496638450,0.0688113605463859,0.1353002585703060,0.49429575169332,0.2836860958907180,0.1744919420178840,0.2135819847290630,0.211279464063628,0.8548563527005250,0.215732454747507,0.2856453286036710,0.3965659510877520,0.1533498044681440,0.1868180837957580,0.0888236186043173,0.1241903075479780,0.6459134492142900,0.6630392978513760,130400,9852,12,821.0,0.0755521472392638,0,1
238_SVDB_id_2_Medical_tr_25000_1st_71963.csv,0.0883764212340443,0.0137854682170762,0.2671252494270240,0.0111246297823253,0.6331002193132530,0.4910958879190920,0.9281401380854040,0.8916249867334130,0.1800399087085830,0.0176616876571386,0.5328135993070100,0.0833809840622479,0.0338564370752339,0.007232126416573,0.9184476085182050,0.0776387312379658,0.3510738764592550,0.087091473487073,0.0418785898470813,0.0180158010115423,0.0081462396809738,0.0177331262509766,0.6392662589631620,0.0151168690095987,0.0197593035242515,0.0195138484831843,0.0160250725125025,0.0125048545053942,0.007785441471763,0.0090825149536374,0.3089962673234520,0.1083017243679240,100000,676,1,676.0,0.00676,0,1
239_SVDB_id_3_Medical_tr_50000_1st_106634.csv,0.0590618093846956,0.0516387297228351,0.0656588415822168,0.0223608949188944,0.3373411712375000,0.2651480403805380,0.7754787737219410,0.6393295427736970,0.3917249383189600,0.0510465492271597,0.456286608480782,0.0478122830042427,0.0272287570494873,0.0212007665551817,0.3881150122382520,0.1611994382390480,0.3980220613269930,0.2071753839646560,0.1287494145027650,0.0652977113548098,0.0192547181341486,0.0651969604655346,0.2650330086045470,0.0446410733575296,0.0676979176184949,0.0347172292369957,0.0314968923327688,0.0590936138283015,0.0244462980439131,0.0287886061984332,0.1746756550039660,0.1638956056659150,230400,3503,13,269.46153846153800,0.0152039930555555,0,1
240_SVDB_id_4_Medical_tr_18462_1st_18562.csv,0.2643640086833090,0.1174013463710740,0.1868499575687490,0.0720992199037196,0.4150422009538860,0.4812324815346980,0.8220163298198650,0.8068129073107740,0.2294164640266940,0.1636211983471420,0.4547887216326160,0.213608242401175,0.0690235103306244,0.2222884310485740,0.6921587414710820,0.2435318549204880,0.3969143328847970,0.200889982693542,0.1772502223771460,0.1171299561131680,0.0669402145971282,0.1188853207185320,0.4279016652590910,0.1032809933908240,0.088334814527555,0.1073164798426970,0.0866396502865584,0.0910515962992127,0.0969324179167909,0.1004807996713720,0.1775066871057800,0.1921235852942420,130400,6004,34,176.58823529411800,0.046042944785276,0,1
241_SVDB_id_5_Medical_tr_11587_1st_11687.csv,0.1795909514342770,0.170331445061271,0.231726497071975,0.0964151168713321,0.6789015501769,0.1303182475211410,0.99793375116619,0.9494931971791740,0.9298963172099170,0.0999477168368575,0.8141602828614670,0.1663251727485950,0.0812197308125086,0.0593351929765248,0.2775821849212380,0.4316951487688490,0.1813661791770110,0.4119669128149420,0.2352161223502910,0.1387569245997960,0.1145535266841720,0.1412654601305580,0.6691444354902970,0.1446961407276040,0.2000459871158260,0.1316495244338820,0.1289782093879780,0.1164983675056770,0.0887636412421767,0.1164769775073910,0.2399607683181770,0.2809309714728900,130400,9852,12,821.0,0.0755521472392638,0,1
243_SVDB_id_7_Medical_tr_11393_1st_11493.csv,0.1018742337360090,0.0409794662690397,0.172240108899087,0.0401548631030641,0.2223084160158040,0.5851271270954800,0.9356573401473360,0.9140632343344000,0.2875359655632080,0.0593622183988007,0.2823379155832370,0.1502041686932370,0.1724959365781940,0.0560740999411741,0.8487338716100390,0.7849589785394020,0.3507459055653660,0.0559481052862832,0.0403763082122547,0.0381114006748394,0.0373740220675206,0.040551456718875,0.1688258157033720,0.0382431621740161,0.0424546546254036,0.0355731781336341,0.0370924848770774,0.0438475662181652,0.0386726915813941,0.0408778214714488,0.0771415320165206,0.0515080086773966,180400,5547,32,173.34375,0.0307483370288248,0,1
244_SVDB_id_8_Medical_tr_17803_1st_17903.csv,0.818671929970257,0.066316401664053,0.0696032628891545,0.0468589578173696,0.3616724254412520,0.7218753766503420,0.9498252948200990,0.867481609307112,0.8957756627497870,0.0812454489207263,0.469995168962528,0.5118012092229170,0.8078935124922380,0.1354575006461270,0.8609621196252470,0.9008203579812860,0.8248753822538580,0.2686205267197680,0.1339992973650020,0.059648239031066,0.0473233317277911,0.0776854875662633,0.4060159237597900,0.0485535268813999,0.0571445619146092,0.0503797722792207,0.036338235519862,0.0435128463497274,0.0377483764018649,0.0421577039163288,0.1688968571152000,0.0944112719106112,130400,3941,25,157.64,0.0302223926380368,0,1
245_SVDB_id_9_Medical_tr_12607_1st_12707.csv,0.462806385549377,0.2414103211209420,0.1708219403340960,0.1197183520210450,0.7259493227617180,0.1462925893712540,0.9486588100164920,0.824526113789676,0.9000924886850930,0.1678352626573710,0.8600562021664280,0.3863479738251190,0.2295971818828760,0.0913682260378674,0.3879333230057140,0.6964612012969740,0.2569803528032990,0.4579843951426280,0.2557796088343240,0.3103531577211180,0.1406353380534510,0.2293159390506610,0.8797179133507040,0.1930367416166350,0.2415781412058720,0.2858367099396480,0.2576750118329090,0.1212525754030320,0.1431253366536400,0.1596948136987260,0.8109606175986560,0.8265630105937380,180400,14891,150,99.27333333333330,0.0825443458980044,0,1
246_SVDB_id_10_Medical_tr_20100_1st_68460.csv,0.2388184440536150,0.0284129262235902,0.3246730167989960,0.0157637559595009,0.08079545772661,0.5079175888404580,0.3857646470085970,0.198108760021815,0.1489590574180940,0.0185721179135509,0.0896078020475581,0.1540296659942990,0.0340856053453317,0.0115085619292912,0.3806721781624940,0.1272301488690850,0.3039357194141410,0.1316678455965200,0.1039244761507590,0.0174255814867514,0.009475816746721,0.0233944621997477,0.0912426308731224,0.0257998160096173,0.0142630234405659,0.0223437722060783,0.0155102485470069,0.0141670383610841,0.0126741529772311,0.0128471913894135,0.0314492433032337,0.0280169181401759,80400,535,5,107.0,0.0066542288557213,0,1
247_SVDB_id_11_Medical_tr_20100_1st_23611.csv,0.0262848631367036,0.0321567201499621,0.0181966996680461,0.0245661501938261,0.3171623027399950,0.0893147094746582,0.845951170168201,0.50972893237748,0.7099384087193370,0.0351938061205822,0.4905278256031080,0.044185149091807,0.7506665835444860,0.0197406938206422,0.8396760944625760,0.8743703971980390,0.1894677249597390,0.1475274404016450,0.0606263308571487,0.0233324189683184,0.0442305913974383,0.027512624176315,0.4667809970878660,0.0336391023730757,0.0446306303382138,0.0702320306983806,0.0271259716347322,0.0212877417795125,0.0150527084672886,0.0162752692662107,0.3043879363575520,0.2905568412055070,80400,945,8,118.125,0.0117537313432835,0,1
248_SVDB_id_12_Medical_tr_18462_1st_18562.csv,0.2021723829521260,0.1020659868038520,0.1856951048505070,0.0745516603027428,0.5461054220818030,0.3782268807721790,0.9330637076425520,0.9039376188527310,0.7785544686386360,0.1546604444709560,0.5913783807334100,0.362131172074973,0.1223029779712410,0.1232573061494480,0.4146961652041190,0.6027426299003690,0.3001241793169360,0.2743358071491150,0.2090858203652270,0.1017316658956120,0.1436112911654710,0.0989196587837513,0.521035426783252,0.0878832014130501,0.1032612632699180,0.0831691861610648,0.0901021095678312,0.0819730252009551,0.0996567303512253,0.0961488313645967,0.3249459000224140,0.4048237296915910,130400,6004,34,176.58823529411800,0.046042944785276,0,1
249_SVDB_id_13_Medical_tr_50000_1st_54982.csv,0.1051797689704390,0.0710533054771362,0.4084328293027250,0.0542106682714982,0.3584997457581870,0.2565780256625020,0.6708463662241090,0.4530072986772560,0.5408587640733910,0.0798490680090622,0.5765288355922910,0.0990881540718557,0.0521833774781572,0.0479065530690872,0.4963148112341490,0.092910191415001,0.22145548535822,0.1037354388977810,0.0864689274989979,0.0820226695594896,0.0599243202333496,0.0701180547457021,0.3544949195612210,0.0646495582252564,0.0589356672981938,0.0692924497638203,0.0486288420417821,0.0613874092571627,0.0511033422958274,0.0574310057004674,0.2641740089510750,0.0841543644731012,230400,8578,57,150.49122807017500,0.0372309027777777,0,1
250_SVDB_id_14_Medical_tr_50000_1st_107354.csv,0.1205436273863170,0.045751293277897,0.1058460064757000,0.0306677953066726,0.3575660526185390,0.3894836189569940,0.6560970106919600,0.5481547916443900,0.1203954142748860,0.0534022568587943,0.506941380457357,0.1735347065220140,0.0560910409616102,0.0360086714654556,0.6344892375482060,0.4954559680226040,0.4069407631262170,0.140090040345683,0.0946224090489631,0.0460456502104122,0.038242323398458,0.0435287049447064,0.5040491579902340,0.044664444499111,0.05007716355926,0.0537902042758086,0.0582292990691278,0.0731211300191267,0.0384906482102408,0.0367163157287364,0.4019867737101080,0.1942392276017280,230400,6469,6,1078.1666666666700,0.0280772569444444,0,1
251_SVDB_id_15_Medical_tr_5421_1st_5521.csv,0.8642272837035350,0.1959544782730820,0.104198007707191,0.0735168664667593,0.7910522655394540,0.1730350131638550,0.9862331589501390,0.9738191263123580,0.9636902292885570,0.1261040659086210,0.8832914133401920,0.8506168426500980,0.0915855282603843,0.0790941011400062,0.2863465510317160,0.4185964188868230,0.6814885393992940,0.3149184624426030,0.1710417854393180,0.251989068282218,0.1302425227989150,0.1679586012912960,0.8233788254982780,0.135509074714795,0.19148354188706,0.1392998646503150,0.1069106819464990,0.1278704323148750,0.0734473210350986,0.0982476807573106,0.5304321792537480,0.5429320623322300,230400,12809,83,154.32530120481900,0.0555946180555555,0,1
253_SVDB_id_17_Medical_tr_17803_1st_17903.csv,0.7634773819978080,0.0550340494711127,0.045669198690119,0.0470530888663865,0.4903885440270570,0.6136437152297810,0.9581270316347710,0.8571336523664450,0.9119651683166930,0.0922471630750215,0.5958507840733490,0.4903605571781980,0.6872194823557160,0.0713110003332886,0.881029016491867,0.8469693019626770,0.24355433207382,0.2849486106778080,0.0870938971608084,0.0496648328375448,0.0577521080510384,0.0490501369242557,0.2336371160210530,0.0421679466290876,0.0429362972029787,0.0495612410246876,0.0468824985509778,0.0346827287026822,0.0338213915119341,0.0421656230379688,0.1041806754007500,0.0575540418158545,130400,3941,25,157.64,0.0302223926380368,0,1
254_SVDB_id_18_Medical_tr_30824_1st_30924.csv,0.0900923187687302,0.0541057233010948,0.3093805393313090,0.0445227253759687,0.2755043817581080,0.4169345800619530,0.7627839528336960,0.7439178555898470,0.0869656769460438,0.0625819568935269,0.3043379984054330,0.077144517281445,0.0581328176664275,0.0457393389786878,0.4467852661395160,0.2101193854240520,0.2227436988264900,0.0834961663487294,0.0591248498847895,0.0480117704913828,0.0476727796761455,0.0511544696468722,0.0820749670159638,0.0542242613185453,0.0570978772613272,0.0592338669688887,0.0555837417990239,0.0626819105068535,0.0523538604175934,0.0524819734727993,0.1062522421907010,0.0634656059790766,230400,7847,42,186.83333333333300,0.0340581597222222,0,1
255_SVDB_id_19_Medical_tr_50000_1st_54982.csv,0.0659763551858503,0.0704522951170486,0.3028091641680260,0.0508841822248832,0.2473115140169430,0.30046652299839,0.3395454395340400,0.2803417891709530,0.1371069357932850,0.0668655054177343,0.3792545625479990,0.0639845003082403,0.0605854767063908,0.0762070585617743,0.3987400474649910,0.2153488850091470,0.0843269828597133,0.1178100535299560,0.0765119490827247,0.0536953887531076,0.0585414932998174,0.0548347252364477,0.1826902382881870,0.0547787439672882,0.0661949848476538,0.0633761227531867,0.0571808862479912,0.1510789021208010,0.0508437470732709,0.0529333019382055,0.1466666596867830,0.0991647729570577,230400,8578,57,150.49122807017500,0.0372309027777777,0,1
256_SVDB_id_20_Medical_tr_6264_1st_6364.csv,0.132012315927159,0.0446312366514629,0.214325230579258,0.0427794294570075,0.210164000981312,0.468306730911347,0.8903908665253720,0.8597679772703830,0.6826777944600350,0.0575438242162615,0.2066034221952230,0.098039157185016,0.1377275674501170,0.054275384408676,0.8278728435138800,0.7220301704992790,0.2477565201616120,0.0670092242698913,0.0441452109560577,0.0415486532489219,0.0418855444800116,0.0433030825149782,0.192381981960595,0.0428939487768086,0.041872727246366,0.0451326182475287,0.0369034568295335,0.0482986057807641,0.0381161956141265,0.0419835363414549,0.0555068604735824,0.0591682579211846,230400,7464,45,165.86666666666700,0.0323958333333333,0,1
257_TAO_id_1_Environment_tr_500_1st_3.csv,0.8664336649488910,0.9824725781888150,0.898395988831813,0.8844709508249120,0.9020628509992840,0.8989361746469140,0.8857453040188530,0.8864204876613390,0.8844030446037360,0.9998350655849490,0.9092255715210380,0.9106443628195220,0.904907986376071,0.8761051737752420,0.9008211948983800,0.9034975444160630,0.9096891552236490,0.9996297282555680,0.9982321495428830,0.9199296211771990,0.8679271123788940,0.9728676024994580,0.907103563077716,0.8716791110157170,0.8823380280111110,0.8815670630927520,0.8716565299792920,0.998646089824929,0.9992209012156390,0.9992762604487380,0.920424097985743,0.9203907872723190,10000,954,849,1.1236749116607800,0.0954,1,1
258_TAO_id_2_Environment_tr_500_1st_4.csv,0.9301941554676330,0.9878590681961110,0.9381016329228660,0.934386803938068,0.9466756982019240,0.9452919501138880,0.9359531354872410,0.9357024533751540,0.9374741508616490,0.9999190240020310,0.9506884738980640,0.9508381892638360,0.9449252771845220,0.9302856551932330,0.9399148903141960,0.9439069793594060,0.9500124739293580,0.9994828702305700,0.9992474360492010,0.9533601002406770,0.9350617876703340,0.982929160124198,0.950515051939324,0.9396806332012800,0.9351974894073180,0.9407141830678700,0.9536264814107640,0.9908499789685010,0.9993395195330480,0.987825456434183,0.9554240027271530,0.9548994751693610,10000,1380,1199,1.1509591326105100,0.138,1,1
260_IOPS_id_1_WebService_tr_5000_1st_11804.csv,0.0007945941832562,0.164910688379103,0.0004223466174549,0.0110291557140152,0.6537102304608680,0.0005411691420673,0.0008234644436025,0.0007443672515193,0.2642114627117850,0.1165290540606530,0.2261990452678400,0.0004357808815203,0.0008589379544553,0.0010366268865359,0.0004890761190038,0.0004392984682851,0.1990211444147900,0.1208574054317020,0.102002767068683,0.0872380101309403,0.0008447583660649,0.1695294468493180,0.2085823126086210,0.0007274174127708,0.2030824776430940,0.0215186783839093,0.1762732127772680,0.149108019079894,0.1549965796268050,0.1625991561864400,0.2085823126086210,0.2174915727854310,20000,14,1,14.0,0.0007,0,1
261_IOPS_id_2_WebService_tr_2178_1st_2278.csv,0.014449324989461,0.1075588787166240,0.6067501311654790,0.1484259960427040,0.0187222920916956,0.5149431629905330,0.4802344322614520,0.1027660141028990,0.0104084959488568,0.1984037439340310,0.0118193446203698,0.0143146985179181,0.1111669637017130,0.5882524200583990,0.3871051156976670,0.0513106876195572,0.4027117242329080,0.1561848206809460,0.1137524948342000,0.0578464863881705,0.0287966531968699,0.0587591002006851,0.0772481188894524,0.0617140532683245,0.1261172170055000,0.0807025102274973,0.4516772242406580,0.253015891100433,0.1861569418653380,0.1745939810956950,0.0234334489498337,0.0332107892644327,8784,6,2,3.0,0.0006830601092896,0,1
262_IOPS_id_3_WebService_tr_7028_1st_7128.csv,0.0240570964800743,0.3060054129641130,0.0228022806049427,0.0381107542394854,0.2170760458086370,0.0205141885149826,0.0178894765097459,0.0287235127131868,0.1912776135527790,0.2348837512910580,0.2523076191548450,0.0220609478012116,0.0244444266863283,0.031069501002673,0.0213643911132707,0.0228195306899959,0.0292033882468472,0.1545349332596460,0.258594096770163,0.2296935497403450,0.0235837367571901,0.195439642838461,0.0933741154325905,0.073308222513424,0.1196874216577340,0.1024861001435590,0.0846148895756513,0.1489279900248230,0.1546367059297090,0.1635485079488920,0.1696027387852930,0.1780710292132490,125135,2704,46,58.78260869565220,0.0216086626443441,0,1
263_IOPS_id_4_WebService_tr_3482_1st_3582.csv,0.0078221631113729,0.1342226614645520,0.0165283804613182,0.0424879305561681,0.4809164292152190,0.0067050841463383,0.020455195770022,0.0210978952597698,0.5298561573847380,0.3897378096719660,0.1060707125939510,0.0600202957382651,0.0200248232399976,0.0191968428529003,0.013845475046956,0.0123102493318222,0.5813796553888400,0.6783253201784590,0.131335507600231,0.1182222039991310,0.0300354526316547,0.1531739543520610,0.0246845866081701,0.201987049585494,0.4161135794107750,0.4694454112198640,0.532199419451651,0.5503513537664310,0.2756715837059500,0.3210596325280610,0.808331951828185,0.8026076257439240,149123,790,56,14.107142857142900,0.0052976402030538,0,1
264_IOPS_id_5_WebService_tr_11665_1st_11765.csv,0.0097894031701358,0.0310730989126354,0.0114358424354752,0.0164253724247482,0.1975109708841850,0.013244875341345,0.1298120659229280,0.0599352888497956,0.2431147668503850,0.0712493559631011,0.0443185074566253,0.010805064481071,0.0138041138338381,0.0160665770634019,0.011466438342307,0.0104103527100275,0.7797001250305190,0.0526791846508045,0.0501626578491909,0.011657845895272,0.0650256041470389,0.0136014005005934,0.0314673888289044,0.0184577325007153,0.0408703035095278,0.0759559526035483,0.0910842274942481,0.0635873928827862,0.0728154135766302,0.0551849125716143,0.3860542522812360,0.4046893578770290,60000,901,3,300.3333333333330,0.0150166666666666,0,1
266_IOPS_id_7_WebService_tr_4010_1st_4110.csv,0.0191389450376116,0.5142096264961800,0.0167790195361361,0.0571180209382809,0.1825606810264940,0.0173073830642931,0.0191328937365172,0.0192832238823546,0.1429817501901560,0.0557200929773517,0.620051205470651,0.0150670336924709,0.0159752830651721,0.0136432293388822,0.0124562522731867,0.0135051738806115,0.0477987336741028,0.0434671936464138,0.0272895748058973,0.0129978814362964,0.0176815437624786,0.0536383993760085,0.011247864245154,0.0142417734687411,0.0575376493961656,0.0270346282213486,0.0186592234362313,0.0551120243929764,0.0621844491232981,0.0619733200424858,0.0669462513086009,0.0675501461285132,89155,1456,53,27.471698113207500,0.0163311087432,0,1
267_IOPS_id_8_WebService_tr_1534_1st_1882.csv,0.0695688872984445,0.3899850009569740,0.1820130328478970,0.3741960148688520,0.3740610211110090,0.1263660627007780,0.1239425749296260,0.0918445664522682,0.1262079454063390,0.5338248061598020,0.2065008861725550,0.0844940637812895,0.1267235836097120,0.4570366982779310,0.1127571055068260,0.1249368517235330,0.0708090594871919,0.379565501291871,0.4316726333010560,0.2967154554716450,0.1394746464959470,0.2795570262433780,0.1502608925983020,0.2620298696992940,0.1753545799843890,0.2311728749078450,0.2265102886023290,0.1848861905597630,0.3277083832565970,0.3332281106034920,0.1661820304538980,0.1754203337343040,6138,53,5,10.6,0.008634734441186,0,1
268_IOPS_id_9_WebService_tr_6216_1st_6316.csv,0.0439343624511766,0.3135509986502680,0.0448448504166728,0.0718828298390356,0.3685563454464120,0.0508796161721649,0.0584803561826138,0.0365201197212883,0.1414013675599410,0.1981474886417900,0.2362660902213190,0.0465683628740371,0.0683254190262594,0.0746381121032685,0.065538867981966,0.0742329803248233,0.1344193103267010,0.1658703624939930,0.3308172437942960,0.2874928318816820,0.0522982677966659,0.2917370292416260,0.230710271759186,0.0948706956962725,0.1593751562314730,0.1791549462082750,0.1238994997542770,0.154349398538307,0.1744911741956200,0.1842872038511600,0.3472904980006030,0.3537597817216850,29133,1397,15,93.13333333333330,0.0479524937356262,0,1
269_IOPS_id_10_WebService_tr_1216_1st_1728.csv,0.0137115915997796,0.4396272713864310,0.0061278667151934,0.3990430891915640,0.5472022904221170,0.0063661153968272,0.0063245483783316,0.0062071734985969,0.1920362965851570,0.1329686004879560,0.7220432862126580,0.0115646042765269,0.0117757153698096,0.0063084873772953,0.0062752744636802,0.0060748914908949,0.0305177989641984,0.3844644931976600,0.3498132336810870,0.3502658328798270,0.0124748307241262,0.484135858391649,0.4238898120336890,0.0363418147807064,0.0931632847705765,0.0424340724068558,0.0530739530753643,0.1745995683117850,0.072615044205228,0.0724691952157486,0.6655015067826040,0.6316933515639770,4866,49,2,24.5,0.0100698725852856,0,1
271_IOPS_id_12_WebService_tr_500_1st_341.csv,0.1853142583115590,0.2712315703358180,0.3423064972149540,0.1425897963482650,0.1366175471142240,0.2846243806722130,0.260209530429204,0.186759152594204,0.212811333660742,0.3815666547343620,0.1459106516174770,0.1956441856457400,0.1740521978641720,0.377424078821037,0.2486038268249170,0.2531947039603800,0.1863343914215750,0.1536052523434970,0.1772833549634260,0.3278160763259830,0.1082339292193060,0.2416878525782830,0.1768686019195090,0.1454929340557050,0.1433434746687980,0.1745172397295340,0.2259765171748420,0.2360411358941830,0.2858363444038470,0.3702703712885870,0.1729671297449360,0.1718924292997840,8784,116,10,11.6,0.0132058287795992,0,1
272_IOPS_id_13_WebService_tr_3442_1st_3542.csv,0.0064540442275274,0.2215078580674320,0.0207607130654315,0.0525162908033362,0.4013933923477150,0.008079822988394,0.0163912413868287,0.0249842453739933,0.4916314783584720,0.4959803733111480,0.157699639144109,0.085666552157347,0.0247000792631068,0.0260008568467886,0.0163753760783261,0.0150699584512365,0.5361506120114430,0.69177637559949,0.2076163453429150,0.1834676000521610,0.0380360397438576,0.3752534778565940,0.0234747537414041,0.2258039696707460,0.8764053312951350,0.4884789030622980,0.2933338135272990,0.594409285499417,0.3158275938069590,0.3796762741733050,0.7617150116294250,0.7570619732959510,149156,633,56,11.303571428571400,0.0042438788918984,0,1
273_IOPS_id_14_WebService_tr_5569_1st_5669.csv,0.0126354191325566,0.0958553939507619,0.0086188377607885,0.0418636636064195,0.0699422791853086,0.0116494602289707,0.0450100362326529,0.0601785184192215,0.0564242265706749,0.1813461706223600,0.0442266178153081,0.0396321257487492,0.0420084132351313,0.1366652519604970,0.0245761518408097,0.034559367977298,0.1354592566089210,0.2330272815080050,0.06941522765412,0.0667513570888827,0.0225780623836294,0.0644679281060855,0.0547233463692082,0.0707495157277586,0.3309080987295880,0.0725521922977211,0.1547515721101050,0.1439605680028240,0.0876802984462479,0.1264613166491740,0.5545678687934010,0.6387803000391980,149122,761,53,14.358490566037700,0.005103204087928,0,1
274_IOPS_id_15_WebService_tr_4591_1st_4691.csv,0.0594723283736315,0.3496244277677850,0.0475758462359117,0.082117536165155,0.4422264665585630,0.0514420909164845,0.0715435756731147,0.0726834270941923,0.3304495487867520,0.2618450714602570,0.2116902689303540,0.1356207819846760,0.0787406971568704,0.0762243129602753,0.0621259214348851,0.0750550649860142,0.266108175267373,0.3210765476626220,0.4309876172257430,0.4216154570457130,0.0770485135083854,0.3851713278697550,0.2771843818503860,0.1184746059499550,0.3394210143826030,0.3560901076332450,0.2648938290263580,0.3070852840095710,0.2009310807868950,0.2206961857406850,0.6628008511756110,0.6734703496932300,149132,6777,86,78.80232558139540,0.0454429632808518,0,1
275_IOPS_id_16_WebService_tr_1482_1st_1582.csv,0.1603797150583960,0.3276132753804790,0.322238680123268,0.2538948081854930,0.1215143432775740,0.4137131729245100,0.0778345239775335,0.0863444726388556,0.1385386394595630,0.1419540176508480,0.0946691838063994,0.0637623779562424,0.2832893372213990,0.0744543408221743,0.3918466642122780,0.1423250029763740,0.2465234520649930,0.1633837575097300,0.1362370873226840,0.2855241232658030,0.0803259993459172,0.1386922310695120,0.1906119714911480,0.1382860952983680,0.1330638039255940,0.1232305974767030,0.1701480699701850,0.0830848498688386,0.1379412731987730,0.1436649349644790,0.1371948284523460,0.1328046128303770,8784,71,6,11.833333333333300,0.0080828779599271,0,1
276_IOPS_id_17_WebService_tr_19197_1st_19297.csv,0.024704663253194,0.489406903384516,0.0399645883067056,0.0753634309732925,0.441368889670606,0.0324855514140522,0.0261826792398148,0.0450032326777261,0.1586927875200880,0.2735184781540860,0.3281549250158580,0.0286207668527003,0.0401826962600576,0.0458233846561567,0.0571672520753131,0.0565966454956419,0.1742678244569290,0.2015471469381390,0.203438577735346,0.0224809584590359,0.2333799647222450,0.0205627118434962,0.0196614140259201,0.0846592894812933,0.1439400835849270,0.1455006145921390,0.113030845622427,0.2229506317847190,0.1916053701407740,0.1877650947279380,0.3983476874714770,0.4160953369304200,91370,2576,20,128.8,0.0281930611798183,0,1
277_NEK_id_1_WebService_tr_500_1st_17.csv,0.8751146294380750,0.6612802932827990,0.161647775320055,0.3774483665307430,0.230879374165395,0.1680744663959320,0.9216183561080290,0.9214636366118440,0.92241659745936,0.9734646772733000,0.8842148229710770,0.9198479132902540,0.1552020709719910,0.0649517401920342,0.0899998643762203,0.0707156463971169,0.9600577896128210,0.9377507837075730,0.9221239998433780,0.9190929823982360,0.4230527895593800,0.8515912362573390,0.9595362819714160,0.8251400576666710,0.9755054993900170,0.9203650549347020,0.913689444500432,0.9042928443638940,0.9143605206209590,0.7592166538944830,0.9557310653970460,0.9566010001503470,1073,88,2,44.0,0.0820130475302889,0,1
278_NEK_id_2_WebService_tr_500_1st_64.csv,0.0492381005373925,0.3182392412303510,0.1341261298970740,0.2789941935849300,0.632717088279239,0.0607175507151321,0.0549100660592695,0.0585184638115987,0.860710293437256,0.3108447091324930,0.8911485558475740,0.0501637562554606,0.1394064789019130,0.1616134108267740,0.1376262337817370,0.1453204847961810,0.0673193738829198,0.341076252127068,0.1868938776087810,0.290802343274656,0.105677951444604,0.6423511875607720,0.2002545279888400,0.158251801496674,0.2299111073350930,0.2703287204746040,0.3268178760531010,0.254368417090269,0.2390030882874050,0.2798028581686630,0.5338970778795620,0.5409976128941400,1073,65,6,10.833333333333300,0.0605778191985088,1,1
279_NEK_id_3_WebService_tr_500_1st_974.csv,0.2550613554717500,0.645419269147268,0.5858714333565770,0.348492872063275,0.6730520975156140,0.1632019845271190,0.263023199749784,0.2611379412621880,0.4849826240194270,0.4742520435475900,0.9926101945454330,0.2490586148248570,0.514177875904338,0.1012679102226980,0.5313626262408870,0.3228422186138590,0.964184447791088,0.8618646526114650,0.9155867832382290,0.8836655038690150,0.0927259734825241,0.9382728704664890,0.9561376712120950,0.5062769444611520,0.3413439875979000,0.2960355273073780,0.2027983416571170,0.2587196784350420,0.2394169267671620,0.2732225103513920,0.828343198813593,0.8427440750110010,1073,91,1,91.0,0.0848089468779123,0,1
281_NEK_id_5_WebService_tr_500_1st_974.csv,0.0790583737768347,0.7027026790178090,0.0918674453992019,0.4301314045326200,0.7401216460997190,0.0737234803075507,0.0598848441471951,0.2866440563168740,0.6031282525061620,0.4710363511646240,0.9955899625892410,0.0819591371055105,0.2269234254158840,0.0583677385932337,0.0918837605374236,0.0812119566272098,0.6429594535613930,0.911562058141622,0.9073759698400130,0.8841430294818030,0.2149611336927370,0.9736345349573920,0.8974040358593240,0.6662626640997870,0.4177238723651390,0.5463147822917090,0.304402758998905,0.3141381419089970,0.2438712870881290,0.2659153790377580,0.8525135906050530,0.8232898320187290,1073,88,1,88.0,0.0820130475302889,0,1
282_NEK_id_6_WebService_tr_500_1st_64.csv,0.0961615925952475,0.4218011502244130,0.2154955955919490,0.3363212457216970,0.4108882010019840,0.1120321407522620,0.1775362601107000,0.1948634207995190,0.3495922576106180,0.3920367940376420,0.5776764470229800,0.0956487728511552,0.1379943066009920,0.2052114502066980,0.2040764106553470,0.264412198256244,0.0938024495511735,0.4652045080218520,0.3871363816228280,0.374391672175547,0.1152835830296090,0.7740793072230430,0.2782158818821220,0.1971870057040450,0.1649897525428350,0.1613176357946620,0.2293809193049540,0.3931687987887800,0.3205546067285940,0.3979941634503100,0.3192856552266590,0.32475086485022,1073,63,7,9.0,0.0587138863000931,0,1
283_NEK_id_7_WebService_tr_500_1st_777.csv,0.1898305297842390,0.6228989172695440,0.3705017396281330,0.4000054165139360,0.7944930670545510,0.1857446349026490,0.2010015801332220,0.3001801761915910,0.8074852802730160,0.4503728636772560,0.9751752550160640,0.1801651951634800,0.3542015115899610,0.1416394256781820,0.3690046026236950,0.2992315684223770,0.4771903327744390,0.7799539922189250,0.7846899969780560,0.7614655449972390,0.257072661839561,0.8194125304938360,0.8346263032833690,0.5065474740657130,0.3106853812850380,0.6172077439455900,0.5428959349475950,0.2587111238414090,0.2771184839482680,0.285012019617242,0.8229138593373190,0.8134362017670540,1073,120,2,60.0,0.1118359739049390,0,1
284_NEK_id_8_WebService_tr_500_1st_976.csv,0.062783440170999,0.7107073286897900,0.1281688613506470,0.4401866513709270,0.7077892969694900,0.0795744699571102,0.0683402108852318,0.3326001805354180,0.5410920455426430,0.4718022607247770,0.9690287804530470,0.0586621243284211,0.254747050721158,0.0600789167793124,0.1342686155069400,0.1560333752861700,0.3652866570328050,0.7438132834293770,0.8869459205790230,0.8637168514858420,0.3523206426053550,0.9508027788151740,0.9425168732685960,0.4926003552219840,0.3234229905572750,0.6664592070358510,0.2224205201503630,0.3714940093511410,0.2310622617748600,0.2669509254625050,0.7789546775163890,0.7855339097177050,1073,89,1,89.0,0.0829450139794967,0,1
285_NEK_id_9_WebService_tr_500_1st_780.csv,0.1898932509476790,0.6605837618638710,0.3409156512224900,0.4045939745550160,0.6905119642525320,0.177783615502555,0.1726855804397780,0.2065925903876810,0.7596584942848840,0.4698225419872700,0.9555692808627970,0.1821073710624250,0.2701798999001400,0.1243847087068370,0.3069127296015790,0.255678168519158,0.478641239059964,0.834812423504825,0.8360070931007480,0.7565132860788270,0.2567995517283490,0.8748874676638250,0.8046341701110540,0.4365016848631350,0.2303733428708340,0.4729061133482900,0.2217392452499200,0.2688472869358720,0.2846927499856320,0.2918171681149780,0.7420595449036350,0.7427147725052010,1073,108,2,54.0,0.1006523765144450,0,1
286_CATSv2_id_1_Sensor_tr_17792_1st_17892.csv,0.0466866944649125,0.0794357733206262,0.3051517938847810,0.0638260300576195,0.2314670997936090,0.3599102199837250,0.2522303073802550,0.2674289076826630,0.2065815964747980,0.2779856775756030,0.2646583895848480,0.0395703717558022,0.2608481875118960,0.3722171586712610,0.2856027245819210,0.2348985805702490,0.1775121912534850,0.3162306978918940,0.3288474538713980,0.0820360386810599,0.0526184571567379,0.1207057612713220,0.4026696997484270,0.0829056738005437,0.1044257500930980,0.1713903903568340,0.160579174715696,0.2137024348484700,0.1048297698201660,0.2526349530920070,0.3019030885143090,0.375686530010917,300000,14800,19,778.9473684210530,0.0493333333333333,0,1
287_TODS_id_1_Synthetic_tr_500_1st_11.csv,0.8075137043934350,0.9667159190074160,0.8562452401672980,0.7814913933892040,0.8309724143127770,0.8599920532490120,0.8615752312271530,0.8439276279297480,0.8305928655241620,0.9821527632507100,0.8725534486284010,0.7548114978176580,0.8318378380493660,0.8499649476802180,0.8540415010986080,0.8481566756384620,0.8756581925227310,0.8949335015710540,0.9021079565567330,0.8486805775020530,0.7923252414854610,0.8146482765246490,0.8714312296899380,0.8249416600482010,0.8253649667947940,0.8235261386097460,0.8166705716338790,0.9335402745505380,0.9807152123762140,0.9747115694591340,0.8478135364894460,0.8557046178634010,5000,261,247,1.05668016194332,0.0522,1,1
288_TODS_id_2_Synthetic_tr_500_1st_65.csv,0.7661851564553320,0.6849108407529190,0.5878288147043600,0.685110028388067,0.6753571305285890,0.7721649565737720,0.758303638994457,0.7297466992219400,0.6942970015267040,0.8711255720419140,0.6751320439615790,0.7512713726683800,0.7008715665301710,0.6380734021876500,0.6621290540349800,0.6610939507085810,0.6050604220781080,0.7847051426387360,0.6528798378060140,0.5813979569296430,0.6109542008475730,0.5494270154943550,0.6822987330699230,0.6366017117862240,0.6074237384580600,0.6180212860332910,0.5747266749932820,0.7778389398348740,0.8521454559598560,0.893209416018168,0.6204926246227930,0.6021116053124020,5000,338,112,3.017857142857140,0.0676,1,1
289_TODS_id_3_Synthetic_tr_500_1st_26.csv,0.686717747240929,0.6055542372356230,0.6872784995044890,0.6136217489563950,0.563860397191682,0.7577936838598540,0.7578638000601460,0.7126521140655200,0.7155148396082610,0.72907278322254,0.5932984304999820,0.6861195628327410,0.6802781007303870,0.6760106006132780,0.6851149661143890,0.6965339531359310,0.6703609118676550,0.6045278409244290,0.5977155872922250,0.5598016380747920,0.6130392090017260,0.5603029377530060,0.6085390607849280,0.633678900445188,0.6616679360416760,0.6697295275829060,0.6774422927860310,0.7740440077205290,0.9424464221619600,0.9393496139983970,0.6259882112764400,0.6654559675395810,5000,225,123,1.829268292682930,0.045,1,1
290_TODS_id_4_Synthetic_tr_500_1st_26.csv,0.7849733932771470,0.5350050070252240,0.620573516895547,0.5570438595148010,0.5084934635724970,0.7325913050032820,0.727853554900435,0.687171902707483,0.7094719940984980,0.90172775901021,0.4680192858148370,0.7637949630847970,0.6796683225777750,0.7447029604832950,0.660395652569232,0.6192251898344470,0.6855346485811930,0.533981390118838,0.5127174341788160,0.5327631778070870,0.5718782113025320,0.5328635172878420,0.5474613303990820,0.5733269441801110,0.5556146228143900,0.7266117366371470,0.5224307348856190,0.61290830500175,0.7546593245827410,0.7739787942862450,0.5278768760499170,0.5056614234260440,5000,429,84,5.107142857142860,0.0858,1,1
292_TODS_id_6_Synthetic_tr_500_1st_11.csv,0.8473415678538960,0.9059260846899100,0.832515150295934,0.786292537432527,0.8017109967157320,0.844038909656088,0.8468607906400230,0.8201557119162190,0.8333709415714100,0.8936673915806980,0.8382967146152650,0.8261198693196770,0.8343987646731560,0.8441168562945010,0.8324562002516340,0.8384607483458240,0.8381258189309410,0.8382092681459100,0.8574067860887100,0.8142204250688930,0.7913097775749700,0.7938163468268080,0.8315171608322040,0.7823114536687490,0.822313051799992,0.8035757211283660,0.819295446124074,0.9141291565858750,0.9783172752755690,0.9721177406315510,0.8050083050950020,0.7972212868597900,5000,261,247,1.05668016194332,0.0522,1,1
293_TODS_id_7_Synthetic_tr_500_1st_7.csv,0.1673436939010430,0.1787644008521530,0.4822832701267230,0.1984708537168160,0.4495152774975180,0.6169226124070910,0.6440697738921100,0.5515118259841770,0.6427736131970730,0.3599341589062300,0.5243584196113430,0.1621932094849250,0.4788790643107170,0.4399782691031690,0.4955254877102020,0.5154045727880330,0.5824145153127010,0.3288779838974500,0.1906440249219800,0.1816388346756390,0.2330623858047780,0.1855704749084370,0.4954399516886540,0.1953704542898710,0.3960017441861510,0.3074380581698470,0.2828730431611580,0.4592406332232990,0.6840174572582700,0.6778628165574020,0.4120292328936670,0.4395061983255520,5000,251,24,10.458333333333300,0.0502,0,1
294_TODS_id_8_Synthetic_tr_500_1st_200.csv,0.6006267659931480,0.201747820630662,0.2634958334897520,0.2119562205975280,0.4855849303391800,0.7888067948475960,0.7339311824403280,0.7382340715083710,0.7007156590992880,0.4830178446699190,0.49965372119487,0.506530262744186,0.3612884364007950,0.5740529800055790,0.4319561371126710,0.3749871305270950,0.596612961388775,0.263949108648349,0.2208625608590340,0.2173096554427110,0.259252870116308,0.2177976676946670,0.5361955546046820,0.2139164153949240,0.3691431824762540,0.3709395915363300,0.3734576965012130,0.2959078630772660,0.3689693337668790,0.3753322418798920,0.2292097006426070,0.2363465373039500,5000,510,14,36.42857142857140,0.102,0,1
295_TODS_id_9_Synthetic_tr_1250_1st_2046.csv,0.7430932691644110,0.1503552828761930,0.2664117396839170,0.1676253988465210,0.4073282126609610,0.8316333504150340,0.7957874334482580,0.5969232863836850,0.8719406569937940,0.1821820126181530,0.1586503474977070,0.8009157617502760,0.7982177340414870,0.6281751419778660,0.6703628588120810,0.6871735522084640,0.6027276526879920,0.171237099412656,0.1063194243215530,0.1082042392213990,0.1862605692715710,0.1073603823549140,0.103406900889684,0.13483576346185,0.2188325446729310,0.2664310738391430,0.2645679698672330,0.1181776779659420,0.2663783909168350,0.3468893699921100,0.2468637000344840,0.2600209787155240,5000,390,11,35.45454545454550,0.078,0,1
296_TODS_id_10_Synthetic_tr_500_1st_26.csv,0.7369116647323190,0.8194905957690390,0.7347957391429880,0.6981786401442390,0.6853189138198620,0.7712630270272690,0.7823641184147720,0.7635867981031760,0.6481504216429520,0.8529300102154590,0.7581916051715380,0.6673531150878190,0.7327163692888390,0.7324021606485460,0.7359896874382120,0.7470323036677980,0.7063586944843570,0.8343362958261330,0.7100278501487520,0.696150577487703,0.7001817433500650,0.6607421518921340,0.7258765300086750,0.7185850986971060,0.7683914526889620,0.728473074402776,0.7232548853603380,0.8714161734174780,0.9703335366625340,0.9570582702671920,0.7412563109868160,0.7655927512981460,5000,204,155,1.3161290322580600,0.0408,1,1
297_TODS_id_11_Synthetic_tr_500_1st_7.csv,0.6545779088026190,0.2632782943368530,0.2665008298735550,0.303640148792461,0.4692298439958090,0.6600728342458670,0.6543606730286070,0.6206840715153410,0.6699899439806490,0.2753927152547370,0.2771335592639470,0.6647560884050220,0.5596370164438910,0.5796866789302620,0.4836659682781380,0.5610986109646190,0.4723766381980160,0.428443859385608,0.1526972864722320,0.1487719699550820,0.2223475965895000,0.1496448099797040,0.1516918133710250,0.1764862110383610,0.6586597314131290,0.3593631794246920,0.5394512177223360,0.4300078989413950,0.4216210567889120,0.6765687034440040,0.6757919085868070,0.6723157165450590,5000,251,24,10.458333333333300,0.0502,0,1
298_TODS_id_12_Synthetic_tr_500_1st_0.csv,0.5939243955352480,0.5770145610097840,0.4481257811540710,0.4617137537162550,0.604117066453107,0.7332715087107850,0.7331456718071060,0.7240784881537250,0.6747833025232040,0.8049763771337210,0.5580434316551330,0.6563658755955,0.5903193717763410,0.6308451399288840,0.6334147059021110,0.6382616997941440,0.6723471647400960,0.5224332791888410,0.4259435254594910,0.4226186566740370,0.3697601409682510,0.4191806532433870,0.3653067188597940,0.4699176004805890,0.6793699930925660,0.547805795102506,0.576820293322952,0.6916267134355000,0.7256443265610610,0.820314250555543,0.7214545756477680,0.7291640187966730,5000,324,60,5.4,0.0648,1,1
299_TODS_id_13_Synthetic_tr_500_1st_65.csv,0.6713824231291050,0.7094553603866310,0.6289065196462740,0.6868708717141200,0.69496270456299,0.7703706253487810,0.7466122115299720,0.7241753420390970,0.7162743640068850,0.8712414892919340,0.6529586154385050,0.4249928004794650,0.6411349897115740,0.7717885992547880,0.6795788547038520,0.6759133673231100,0.6474565736912860,0.6820900689529280,0.635162488095726,0.6113628927968380,0.4490692388436660,0.6021850153389940,0.6274664146585030,0.6147035017926540,0.7266873240415880,0.6594612431946140,0.7047344495356550,0.8462091189297330,0.8718996087853220,0.9397603002880200,0.7753795625868470,0.7747793786694710,5000,268,96,2.7916666666666700,0.0536,1,1
301_TODS_id_15_Synthetic_tr_500_1st_245.csv,0.5326258444637770,0.1375165933654740,0.2664982492144770,0.1599652807439410,0.2414572642540710,0.7591117780917430,0.743589859842148,0.6301325293730020,0.7715285653946290,0.1481198801262870,0.1369457551793420,0.6313386170940080,0.5698212609084560,0.2493876906993680,0.5924759201479190,0.5398344507501570,0.5212632904085930,0.1657111436771430,0.1606101600980380,0.1629696453677910,0.1839576200168380,0.1600856063890280,0.1715104877202400,0.2252374688730410,0.3297800781900280,0.6764732503697950,0.1942714805941850,0.192224377856908,0.2570029488972060,0.3837775843439220,0.2817095603170880,0.2761242127295710,5000,410,13,31.53846153846150,0.082,0,1
302_Power_id_1_Facility_tr_7685_1st_7785.csv,0.1206597182648730,0.0820256623975493,0.1353081199397190,0.0904964034186157,0.0896995879161206,0.145571701693154,0.1884486679419280,0.1626691493859970,0.070364412643173,0.095994394085225,0.0760575973007868,0.1225170328578820,0.1636135157162290,0.298809645921648,0.2114516059803350,0.392133590197686,0.0884451196962756,0.0777668339069908,0.0672501040011019,0.0672286482602271,0.0879493033442597,0.06709000495328,0.063355469539772,0.0850373182311284,0.0754795586970267,0.0722591392195637,0.0776963496598413,0.0784568483621183,0.0828486769111696,0.0801913482291817,0.0755926192906004,0.0749502259493258,35040,3000,4,750.0,0.0856164383561643,0,1
304_UCR_id_2_Medical_tr_2499_1st_7000.csv,0.0229018844956773,0.0321634290848986,0.0878206043314271,0.0393580865065372,0.0613151134051959,0.2858522416850500,0.036781847553267,0.0302669400124353,0.0722071021718611,0.016546621603304,0.0462406831221786,0.0303183639885281,0.0055909999387486,0.0180737575759988,0.0222009564715812,0.0091885729566481,0.002985071757818,0.0097696363015589,0.008028838461252,0.0445169205396781,0.0064380605864946,0.0183651080246764,0.0233334539562358,0.0196500196845566,0.0089246473712916,0.0075530080255695,0.00961158545659,0.0076258937537851,0.0357839618463075,0.0303601586229168,0.0322842889284704,0.0297502724755725,9998,50,1,50.0,0.00500100020004,0,1
309_UCR_id_7_Medical_tr_3000_1st_5948.csv,0.8141331415952020,0.0182140575365125,0.6907535572632590,0.0117261127982532,0.599248983234654,0.8298542640103910,0.9976534530921920,0.9963845827459150,0.9553905554014070,0.3856745665199140,0.6249590381113580,0.7752977490287160,0.0073305346468731,0.8091936479831240,0.392056044697996,0.9963845827459150,0.0136352859833745,0.0181425240198978,0.0184532797702553,0.0133037964841258,0.0115257061670005,0.0176476610989768,0.0395014120374759,0.0116543150075386,0.0154207648499304,0.0521071376674242,0.0193765329759254,0.0139586631346311,0.0931291197470052,0.0140213738295694,0.015968455327714,0.0156419274080417,12000,45,1,45.0,0.00375,0,1
326_UCR_id_24_Medical_tr_1875_1st_4187.csv,0.0184204802536423,0.0385823181609695,0.6472588975474120,0.0146118223171647,0.0410995553131339,0.343835185529032,0.8836950814341740,0.7911067727155870,0.2135949045863540,0.3834446836513940,0.0282501053029425,0.0203827956452724,0.0080079269166712,0.3013339919110400,0.2963267700074900,0.5279512011371860,0.0043145753966315,0.0335917556409436,0.050591922583816,0.0467395295013236,0.0120886941911524,0.0500075892917872,0.0932800905322814,0.0117760880965456,0.1162531432587840,0.0499456182577643,0.0924901246676947,0.0217390010706097,0.4170344357507090,0.4587476974213070,0.0269406135005329,0.0239850963658851,7501,12,1,12.0,0.0015997866951073,0,1
346_UCR_id_44_Medical_tr_7456_1st_17390.csv,0.0755607005861817,0.0066347705579451,0.2484848184747610,0.0041096847406745,0.0838063757974072,0.2699189030849020,0.347659113034979,0.3399860928714570,0.087736094714037,0.0130047104063019,0.086960588626899,0.069807361167402,0.007664538716729,0.0064519718647672,0.2330163568931220,0.1140877269288030,0.6460463786446080,0.0043854568698786,0.0060463043874993,0.0070780897918022,0.0048143297389482,0.0060785858385187,0.0594927946621975,0.0051749103840494,0.0044687004328735,0.0042613160924515,0.0053637811091395,0.0063936033533723,0.0041864731236944,0.0036882445235478,0.0052407764681643,0.0396732600953566,29826,130,1,130.0,0.0043586132904177,0,1
361_UCR_id_59_Medical_tr_3000_1st_7175.csv,0.6844422538997190,0.0225959940936944,0.3719993196654650,0.0248366365539746,0.0206273297678143,0.8900071688692680,0.9878139094527480,0.9857020269832500,0.9520036909438120,0.0621707651770677,0.354982234340031,0.7381931239301280,0.2309035110586880,0.8002645997735760,0.8803775784235860,0.993254334223809,0.0598151730272072,0.0248259585945953,0.0284512112619525,0.0325948657551017,0.0255108727762223,0.0248996716323996,0.0882297334827807,0.0285009841329721,0.0242565351221433,0.0584734467636884,0.0306320742414879,0.0259011376297114,0.0186124444695287,0.0251461414580713,0.0226340378067926,0.0227191971377826,12000,213,1,213.0,0.01775,0,1
371_UCR_id_69_Medical_tr_1853_1st_6200.csv,0.3397764590033490,0.0328166078170297,0.7857047276536500,0.0338889490265957,0.1610524091832710,0.8951348418528510,0.9460225385846680,0.9711459382785210,0.884332376846154,0.074935948411564,0.022996148102654,0.5057356857188820,0.0534521083584259,0.8021949602381800,0.8132360126863340,0.935808790719478,0.0667610337352289,0.0475445774248321,0.0275051621393563,0.0270870149791298,0.0382995034474617,0.0270657928898387,0.0210708122319343,0.0334928963811415,0.0555096456042526,0.033334364613788,0.0963601403632743,0.0309852939296261,0.0533809241328239,0.0735175771105471,0.0410088221480703,0.0411065986172703,7415,170,1,170.0,0.0229265003371544,0,1
382_UCR_id_80_Medical_tr_7500_1st_11800.csv,0.1236571304775790,0.0458790509403415,0.7357411414549870,0.0521671252709028,0.7424078895856210,0.5875555897023340,0.1206056258955620,0.1195133827505960,0.2623492761796410,0.0326356151987855,0.4285519773239680,0.1026412464790250,0.0214047577619799,0.0419895629474379,0.5240648040054510,0.1607926967912410,0.1109526979109280,0.1332342589698590,0.0252681732081379,0.0211444523723319,0.0172009600180188,0.0242732714067735,0.4346948906998070,0.0170909404058691,0.0280755207726938,0.0365026110605276,0.0222922467467753,0.0223800215244089,0.0200452629466219,0.0259107185027708,0.2908504756437030,0.2605264331787570,30000,300,1,300.0,0.01,0,1
391_UCR_id_89_Medical_tr_1875_1st_5759.csv,0.4250619405814960,0.0419836305556796,0.8101960305789510,0.034521011971979,0.0499066146543418,0.959287419224126,0.9793037693477390,0.9589205541784190,0.7804950642101670,0.0375336042595752,0.0386767836527545,0.6157748660320180,0.0275148353068376,0.258632419709615,0.6100820932976210,0.9946827155072650,0.0353959613750676,0.0316297326572767,0.028472280665671,0.0292966738755996,0.0325772002276234,0.0287100115416396,0.0302192229426538,0.0348708943278588,0.063843847947023,0.038884767372145,0.0498322499938639,0.0280463472658669,0.0353416067213294,0.0262828455881889,0.0273091651489299,0.0274470464241406,7500,160,1,160.0,0.0213333333333333,0,1
396_UCR_id_94_Medical_tr_1875_1st_5607.csv,0.0123816264933719,0.0149510762606139,0.6418833747914730,0.0090414209543227,0.0881088648740024,0.7284065821806190,0.9564107480590540,0.9782778735799460,0.1638425201388280,0.0788669312823046,0.0258068897480446,0.0077350350475164,0.0103332000810384,0.5095870478779720,0.9040315352764510,0.9716988587816390,0.0095998843988069,0.0108457293355247,0.0208631666790229,0.0197672421067834,0.0123357977676801,0.0195811071840126,0.0184535389734919,0.0093202607315054,0.0155319756588485,0.0100629334489055,0.0165224084773385,0.0126924572065477,0.0699148233314465,0.1590050564969620,0.0128045954948198,0.0134735329578014,7501,27,1,27.0,0.0035995200639914,0,1
415_UCR_id_113_Medical_tr_3000_1st_8612.csv,0.8118142192934150,0.0364996113694376,0.1089263967915360,0.0170948514851775,0.7085919967726120,0.7070231249821360,0.993351265208482,0.9969936441780100,0.9303828713317860,0.1075233732291820,0.8508234240937260,0.8903665360042020,0.8054161567345,0.0207524766823973,0.8157525562456270,0.994061521257371,0.0068490480471457,0.0367606084687749,0.0382586253875452,0.00790379264931,0.059999790913296,0.0307171182357394,0.0757962948165494,0.0080715291497056,0.0422808208338517,0.0383561974212097,0.1103298325283880,0.0249328415771734,0.0279687277101598,0.0323946663166119,0.0333431305028529,0.0326587067347995,12000,104,1,104.0,0.0086666666666666,0,1
436_UCR_id_134_Medical_tr_1875_1st_4526.csv,0.0337286548305881,0.0139444056956052,0.9024297241616740,0.0226317227156383,0.0183810038482949,0.6245362356229870,0.7339523511790130,0.7052617660697400,0.0360929657084663,0.0196042156387689,0.004246298134723,0.0581427880603225,0.013297729994253,0.5187880445391410,0.7643097228438810,0.1200962840932480,0.0059986798514563,0.0085502616415935,0.0095561182792424,0.0090117623993436,0.0128939211889048,0.0093568278292784,0.0063480352812884,0.0083195415989272,0.0087963400262677,0.0093169875593993,0.0094438712529139,0.0121777509095248,0.0501997742919744,0.055939324629161,0.0064856410536819,0.0065583956678881,7501,30,1,30.0,0.0039994667377682,0,1
437_UCR_id_135_Medical_tr_2499_1st_8000.csv,0.2233957816593770,0.0124797160763179,0.7876011746436770,0.0057843061972838,0.0026736338820189,0.3563614818667520,0.2633270060923660,0.2195100775809120,0.239071124123695,0.0052672029949737,0.0027909991467279,0.1227971335636160,0.7487656272209870,0.016919776484094,0.7716084574836440,0.8410089742810290,0.0016092082663682,0.0080006026335366,0.0213939708472279,0.0039303281257917,0.0035599444935939,0.0020289418609746,0.0031584342738715,0.0161232272543102,0.002536147300062,0.0060800103857474,0.0099433844293931,0.0027156356335441,0.0045577858123674,0.0060157490450085,0.0022178606806027,0.0016253794501664,9998,25,1,25.0,0.00250050010002,0,1
307_UCR_id_5_Facility_tr_29895_1st_39240.csv,0.000727348304167,0.0018789087481777,0.0006971438408791,0.0013826201914629,0.0029691258970676,0.0007714490148905,0.000559233456014,0.000631287515932,0.0015960834076508,0.0088710349314958,0.0028277086970027,0.000605296560986,0.0009455098406017,0.0015116040903751,0.0005501067882513,0.0004969763910867,0.0006918945093607,0.0024843674343213,0.0028831503828861,0.0029187731723327,0.0013845771412198,0.0028683528547528,0.0041685865078303,0.0026269228072427,0.0023396210098163,0.0018111279495617,0.0020748628298603,0.0017085496669624,0.0015582380273094,0.0015147213243361,0.0029878057050408,0.0027058210591044,119580,96,1,96.0,0.0008028098344204,0,1
331_UCR_id_29_Facility_tr_50000_1st_837400.csv,0.0030658553577489,0.0018513628234099,0.010563030436521,0.0025351218370103,0.0017771448798895,0.0028531358222812,0.0034285951838161,0.012435734373305,0.0028102818993199,0.0012273841969813,0.0020636378505738,0.0018916980954585,0.0024671617072896,0.0019480324443305,0.0071233697792798,0.0016950465233993,0.0018789895333166,0.0024509763204743,0.0021582620074394,0.0021604037289361,0.0019560122279879,0.0021657464334553,0.0023047401583065,0.002048440704028,0.0019290894365141,0.0018736281177162,0.0019461684454799,0.00182354849893,0.002171084102096,0.0019600489728589,0.0018766492748791,0.0018798811823463,900000,1700,1,1700.0,0.0018888888888888,0,1
332_UCR_id_30_Facility_tr_13750_1st_52600.csv,0.4432237672229840,0.0065858975870936,0.5135281015487820,0.0057066247939222,0.0149935940615991,0.9603744561537160,0.9734223853444750,0.5248000014478410,0.1457652942076380,0.0073903373009853,0.0046139657550687,0.6037835090165790,0.025875859687014,0.0078415016469929,0.3584142438280460,0.0106354481639288,0.0055292456963591,0.0087725812570221,0.0053076654167069,0.0054744804110869,0.0107425319100714,0.0053179701416278,0.0034872648832296,0.0049046704373913,0.0041864277604415,0.0038112524688982,0.004113266092098,0.0047208105190647,0.0048223947408808,0.0043890574584269,0.0045402869244819,0.0043483409928931,55000,200,1,200.0,0.0036363636363636,0,1
349_UCR_id_47_Facility_tr_29954_1st_74900.csv,0.000576027447733,0.0012085092117442,0.0006150574321208,0.0012300955212429,0.0021799602570157,0.000553684681812,0.0006202943889292,0.0010014364977435,0.0015171635209913,0.0046028071805951,0.0021452285240851,0.0005650975440409,0.0009018685685612,0.0011811252142539,0.0005238101638034,0.0006693547726121,0.0013678900755121,0.0020225377146903,0.0020448830450455,0.0020706970242876,0.0011411900130998,0.0020792642461277,0.002594184859634,0.0021759619365932,0.0023374472426821,0.0019481542237557,0.0021733960114677,0.0016846997441587,0.0012811662523371,0.0016781419666279,0.002673556341329,0.0026180751407796,119819,96,1,96.0,0.0008012084894716,0,1
358_UCR_id_56_Facility_tr_10500_1st_29080.csv,0.0056426960361924,0.0015519864953925,0.0968487684438182,0.0024700159693106,0.0336263205106946,0.0108785620037308,0.0156503464997653,0.0036972619122079,0.0077597206230688,0.0077927614467479,0.0010426816650774,0.002982393529897,0.0275324287918496,0.0279909280333079,0.0247732247707962,0.0266698907666644,0.0259533787408822,0.0021488810434036,0.0017358555935721,0.0017971503718125,0.0017932010020134,0.0017417365962071,0.0013523356502085,0.0016529143640768,0.0024591144648704,0.0064215338479145,0.0019416742568792,0.0021189333667493,0.0018400668851283,0.0025352590230366,0.0012399387955933,0.0034919891936764,42000,60,1,60.0,0.0014285714285714,0,1
406_UCR_id_104_Facility_tr_20000_1st_67950.csv,0.0459305993854709,0.0055348043973357,0.0258578667460981,0.0040145918123382,0.917508366998484,0.9165128997315340,0.8724859436723270,0.4340780468543550,0.085640690238042,0.0087934857622081,0.0118350025766153,0.0546853153682167,0.0201339914743657,0.0037108557795142,0.094203015171102,0.070985006248952,0.0036746913910684,0.0358519689673898,0.0050008905107112,0.0049680834721782,0.0049093648925217,0.0050290994827734,0.0077123830041037,0.007546501033665,0.0084556399007962,0.0114438837328154,0.0081655150662209,0.0079622661047249,0.005932622856767,0.0073301402921229,0.0269502248185851,0.0147128481029079,80000,250,1,250.0,0.003125,0,1
419_UCR_id_117_Facility_tr_3000_1st_6168.csv,0.0126402877345456,0.0125896846700257,0.5829511684897400,0.0105737427316221,0.0597699729781514,0.7763838162882150,0.9947282183199430,0.9751397875471080,0.4745394327789040,0.0121535060842899,0.0176069703843493,0.0039810755572452,0.2680370388755170,0.27993311930767,0.81388357367388,0.9959693966293240,0.0137648671827918,0.0156398557825722,0.0157374995940302,0.0079443004212428,0.0129222964199907,0.0144557016130322,0.0115123880352037,0.0130579579228547,0.0130120897082078,0.0261076663676581,0.0069975465160513,0.0131959125695428,0.0098703705601107,0.0347764961910899,0.0220066105510307,0.0222323459890593,12000,44,1,44.0,0.0036666666666666,0,1
420_UCR_id_118_Facility_tr_13750_1st_52600.csv,0.1375621462681960,0.0731131285026437,0.0131089491153598,0.0703571966687228,0.5562951415592450,0.794793002144088,0.9326735117843000,0.7005949934706110,0.9358991750682900,0.0157004815812544,0.8525410939036410,0.2580758147878410,0.0675588356870515,0.0136179317888406,0.882218369713602,0.9345171351201420,0.1410627532487010,0.1542736289403170,0.0646444242406733,0.063584955989262,0.0189725656584386,0.0753702855001839,0.6848422258867850,0.00816562048676,0.1554064600110500,0.1201467406780250,0.018828415064258,0.0269134810204801,0.0144124024105757,0.0172080258999906,0.4518112012609700,0.3560195556442540,55000,200,1,200.0,0.0036363636363636,0,1
432_UCR_id_130_Facility_tr_23000_1st_26970.csv,0.0051860347952332,0.0043746022016678,0.1714934768899560,0.0044812550215252,0.0115142063859808,0.1715814387011890,0.1998057769662000,0.0188465430618784,0.0331931957868284,0.0305843385742064,0.0047621288346898,0.006326648200015,0.0182668001189987,0.0104871815077019,0.0687085136454286,0.0157239431041942,0.0059947255044845,0.0043551694309727,0.0053494044870246,0.005373019765678,0.0043538269091058,0.0055079024579449,0.0057004296156785,0.0047640563534617,0.0058063228254067,0.0057375229439777,0.0055005800107809,0.0053720827438812,0.0053751499798586,0.005482087857523,0.0091837564161737,0.0074066633652712,92000,300,1,300.0,0.0032608695652173,0,1
452_UCR_id_150_Facility_tr_10000_1st_35774.csv,0.1341686865856700,0.0158101907065906,0.3401079426832660,0.0138207015145435,0.8960027289657910,0.8005333747762000,0.8387076265616730,0.7719601808343730,0.3227984260276070,0.0142908994740454,0.7964632809500840,0.2666225068923120,0.0123475150138547,0.0041202642054326,0.7226718858361900,0.2649718493404000,0.7500929439339120,0.1404152640578590,0.0242242024870579,0.0248310712621671,0.0051467482142704,0.0312551571266344,0.7832252594987490,0.0190093256442097,0.0182389042995641,0.0296711262031124,0.0324060823922426,0.0087102540332607,0.0048218364318093,0.0078422815762012,0.5536213525210690,0.5646557269823560,40000,100,1,100.0,0.0025,0,1
471_UCR_id_169_Facility_tr_10000_1st_35774.csv,0.0345496559733136,0.0039056047836599,0.401831965150796,0.0038275223551656,0.0310817493239219,0.7752333556004440,0.7350586685678610,0.7532051938535220,0.418529670022122,0.0056811096632958,0.0070959335230152,0.1078595182555120,0.0087652069344604,0.0060607940321528,0.3323961104853960,0.0673650774690085,0.024985657942396,0.0087815048397098,0.004257970330577,0.0042490707692211,0.0038243994255934,0.0041503239037475,0.007415048420712,0.0140423016944329,0.0045411454195761,0.0037480846405797,0.004168015383333,0.0030322292050414,0.0036238957591902,0.0033931000081068,0.0030888864216783,0.0068203121442832,40000,100,1,100.0,0.0025,0,1
494_UCR_id_192_Facility_tr_22500_1st_72150.csv,0.0351920184127179,0.011800703897787,0.0613339239922399,0.0046929603109493,0.0070911866084002,0.0271020084275604,0.0374362481073673,0.1458023820199430,0.0162506322731554,0.0050654071622572,0.006956539485098,0.0156760422628569,0.0066465564631427,0.0042672181914849,0.0253497177251268,0.0570073619091509,0.0077826568871898,0.0104182014637866,0.0252711333056383,0.0251562498107022,0.0065295817197499,0.0284258888449342,0.0110680388201524,0.0059811264431759,0.0085225978490103,0.0075434067235761,0.0087911092848036,0.0059424199345906,0.0048083984122608,0.0067471965793888,0.0056272875154171,0.0061070106881822,90000,345,1,345.0,0.0038333333333333,0,1
500_UCR_id_198_Facility_tr_7482_1st_23357.csv,0.0074723488481518,0.0102041642268536,0.0875574151178537,0.014665746313381,0.0099036930769366,0.0437986795955019,0.0223508960260015,0.0143469679523141,0.0133500343741583,0.0126963366706476,0.0077957301267961,0.0080778918295039,0.0292462035230757,0.0343021794795664,0.0566262722802717,0.079948613945273,0.1858905821373810,0.0103792197840567,0.0109735796531263,0.0109327650811264,0.014307028096078,0.0104538830413508,0.0078543802168263,0.0139291099724471,0.0092718810273302,0.010364315159609,0.0097012739424165,0.0105762584359774,0.0107039447755549,0.011204660657622,0.0072567699031362,0.0072626883711075,29931,360,1,360.0,0.0120276636263405,0,1
517_UCR_id_215_Facility_tr_7482_1st_24005.csv,0.0158971411112997,0.0037403104728514,0.8299499287759680,0.0079958007768206,0.0041535589279352,0.904600485042372,0.159348080965987,0.0758365484901331,0.0251543979278483,0.0273343097994455,0.0019463214541606,0.0220952711105211,0.0037458493802587,0.1544152663077140,0.2800697134347180,0.0147350091728586,0.0087557141102149,0.0042291883086845,0.0042909854255024,0.0042929150981335,0.0048120862052299,0.0041328328677232,0.0035396614087887,0.0039365976409509,0.0049086229457052,0.0052071380326416,0.0059697497776559,0.006940715795497,0.027118302479408,0.0326662806749982,0.0034532257766178,0.0075226999818304,29931,72,1,72.0,0.0024055327252681,0,1
525_UCR_id_223_Facility_tr_50000_1st_250720.csv,0.0019585428213404,0.0054937837923426,0.002963324711369,0.0038021295029026,0.0043518946426796,0.0030667086628221,0.0027531917324167,0.0024101089300822,0.0028554784022039,0.0070618980531379,0.0066999489516772,0.0025727168035863,0.0063277137781378,0.0559142365564645,0.0047577014946235,0.0197029295968288,0.0129733401769952,0.0036535602698487,0.0015522679923257,0.0015305815090411,0.002436769942736,0.0015316068568568,0.0016079180930461,0.005343447409899,0.0032316819009954,0.0032366741142592,0.0032238427641931,0.0049062995600659,0.0051134052426383,0.0030655483253196,0.0086013891383622,0.0045278243252211,299790,650,1,650.0,0.0021681843957436,0,1
310_UCR_id_8_HumanActivity_tr_2631_1st_8285.csv,0.0062214855791153,0.0042157239712976,0.085234376743859,0.0062324964385582,0.0101378417174632,0.0704147099468367,0.013714600746763,0.0080585731456132,0.0257540204108922,0.0039722619573044,0.003558114914877,0.0047825318561053,0.0060480819907266,0.0040670599470229,0.0186867058835719,0.0104894208833222,0.0031735762194978,0.003739887764325,0.003966270013775,0.0038006542772183,0.0038218161268429,0.003978110124772,0.0026403874969256,0.0044829479536222,0.00483363172761,0.0049267869831366,0.0066145446977694,0.0045523869216392,0.0078398399221812,0.0043870736814801,0.0026320143692106,0.0027232126420231,10524,30,1,30.0,0.0028506271379703,0,1
311_UCR_id_9_HumanActivity_tr_16000_1st_38400.csv,0.0123303715166277,0.0236811202409698,0.2599235944108030,0.0961851931888046,0.0137817215549451,0.1550634425268940,0.0816939904253856,0.0942450334233541,0.0151288256542758,0.0183890712149445,0.0104126638550656,0.0126646937097554,0.0167058639985893,0.0862155542089467,0.1041093658328970,0.0824817364062752,0.0220130520899646,0.0166010418460848,0.0151541601576114,0.0152622477491149,0.0127773755075076,0.0151839595818589,0.0139677537445063,0.0182326960429483,0.0126000413818685,0.0152653646659694,0.0144081235156699,0.0138400047504716,0.0145024950239858,0.019654018945593,0.0134201894103371,0.013449883166882,64000,800,1,800.0,0.0125,0,1
315_UCR_id_13_HumanActivity_tr_16000_1st_33070.csv,0.031168612754957,0.2498241238738740,0.1344617112175960,0.0955009682441569,0.0030954879659562,0.1910694236693220,0.1897715537146440,0.2266616766157900,0.0034979399835075,0.0066458116484732,0.0018410653767414,0.0327900090128784,0.0057694095064523,0.0921627840562958,0.1618838576338300,0.1864222427861160,0.0028764902694244,0.0048376374238507,0.0024470101882188,0.0023241177245729,0.0026545677145731,0.0024171062518178,0.0017981198957321,0.0014459615294728,0.0040723836790343,0.0027021605751524,0.0066452440950863,0.0033970006026848,0.005290340369751,0.0044612919100224,0.0030848927585048,0.0031066984111854,64000,110,1,110.0,0.00171875,0,1
334_UCR_id_32_HumanActivity_tr_1671_1st_2764.csv,0.0547588531713772,0.0299087869236791,0.0678932695183597,0.0414333414726891,0.0313464188148345,0.0649841024074246,0.0482102907504108,0.0278256264174249,0.0237859217081348,0.0279201313465958,0.0211474137294126,0.143957257332467,0.0231625055167321,0.0290000944914578,0.0301938267481874,0.0220515886418473,0.4440186895809860,0.0311051890061514,0.0312272297036648,0.0344980382678928,0.0445936928037168,0.0344941339744559,0.0256059850847808,0.0357668429656123,0.0298208752585586,0.0297613822353276,0.0299085796027138,0.0273694066584957,0.0266808577538144,0.0264848836858356,0.0231123614056271,0.0231700939181039,6684,231,1,231.0,0.0345601436265709,0,1
341_UCR_id_39_HumanActivity_tr_48812_1st_128430.csv,0.0002599273777414,2.1254239215413E-05,0.0042091408668646,0.0005904408311575,0.0003618067660022,0.0011805797021078,0.0001703118495628,0.0003045457609396,1.66271567417102E-05,0.0013456829061887,0.0001373711099973,8.79665418795071E-05,0.0001272607997206,0.0064120691163361,0.0014377360913798,0.0001787098722441,4.40249445659523E-05,0.0001439767229011,9.24522272381828E-05,8.73332454923395E-05,0.0001080170820542,8.74843479437491E-05,0.0007664794647502,3.18279544580979E-05,1.07973217082013E-05,3.59089238923128E-05,0.000365224528367,9.30020321464232E-06,0.0001430474663279,9.84932016852462E-05,7.91644610601588E-06,8.99239793144747E-06,195250,1,1,1.0,5.12163892445583E-06,1,0
355_UCR_id_53_HumanActivity_tr_48750_1st_143411.csv,0.0006696679687414,0.0009261006232122,0.0660012748297021,0.0007731843744571,0.0023018593720813,0.0018494592292562,0.0011517805280547,0.0012563139844323,0.0033615834830002,0.144067657767914,0.0007967418921889,0.0006709336994327,0.0009293270642744,0.0803984941720476,0.0014617488586351,0.0011131839477627,0.0006965980389147,0.0586410197471579,0.0004884870391473,0.00048711355489,0.0007910459160182,0.0004876292717161,0.0004330241025976,0.0009116461680373,0.0017587319790343,0.0475895864804649,0.0278044645708499,0.0022171987724735,0.0289904914467229,0.0732803981766468,0.0015847633494462,0.08570557846371,195000,100,1,100.0,0.0005128205128205,0,1
381_UCR_id_79_HumanActivity_tr_16000_1st_31200.csv,0.0123799800317066,0.0141830318529385,0.026163839355833,0.0113699316109517,0.0124260025303393,0.0158337704448678,0.022487223242867,0.0366730183320458,0.1067913653859510,0.0120649585122237,0.0085397028270113,0.0130159382341343,0.0129285016517428,0.0147430970296551,0.0165240206489986,0.0204879414328482,0.0106206201734209,0.0171380457816971,0.0109806120534428,0.0109568569597181,0.0112253426026039,0.0109264309455867,0.0106771475093162,0.0110175315203797,0.0106623278948216,0.0103901140767152,0.0113100316355933,0.0096823065012551,0.0111688836184817,0.0111386705089927,0.0101942370181472,0.0102411238700439,64000,650,1,650.0,0.01015625,0,1
401_UCR_id_99_HumanActivity_tr_1671_1st_5920.csv,0.0628189314346272,0.1420614127196730,0.0078044089645654,0.0571871209809375,0.7337955857029090,0.4614126461586310,0.9916355819871190,0.9807618510102360,0.9286004930398890,0.1567399305721660,0.9953477100532570,0.70501138875864,0.113947002571074,0.5617980066537740,0.3388128616707790,0.60170203297334,0.5670300017804350,0.1597184999620210,0.2022725488375060,0.2742097784240840,0.0351714967110107,0.3571704818341020,0.9962568285170050,0.1192764585583820,0.0197406605927433,0.0168112376330709,0.0153501626741912,0.062616491205262,0.0476018945725538,0.0549888003587417,0.5606000400385200,0.5850614261846990,6684,59,1,59.0,0.0088270496708557,0,1
421_UCR_id_119_HumanActivity_tr_48750_1st_130700.csv,0.0060325293449552,0.0075488518069415,0.0173433608384599,0.0068515024510214,0.0206891177759082,0.0090042504027348,0.0077186050059367,0.0076126184516676,0.0068226948279029,0.0092891457282444,0.0084386301774603,0.0058019086327126,0.0062674315540618,0.0063967057291894,0.0088266699374966,0.0076311682372396,0.0089086707519297,0.0142472265843313,0.007170216375306,0.0071715896681104,0.0063249501524752,0.0072063925384272,0.0072528032372759,0.0066194399556938,0.0105876084424678,0.0095298369811825,0.0193723226266165,0.0119993976155898,0.0065264015786634,0.010011639915226,0.0130002719099452,0.0173981657158636,195000,1180,1,1180.0,0.006051282051282,0,1
430_UCR_id_128_HumanActivity_tr_12500_1st_46500.csv,0.0064873055424341,0.0097172179911621,0.0255739647878307,0.0066937478751722,0.0087800357680559,0.010113167764013,0.0192672716803547,0.0200882130000392,0.0239579098619521,0.0070924658112836,0.0082767197037415,0.006431859653158,0.0048389731639675,0.0061926059188459,0.0092943109428514,0.0057977047110927,0.006468360948404,0.0076580330056072,0.009936002545299,0.009676038568083,0.0069578630431186,0.0100931113061704,0.0091131040112413,0.0072538319599015,0.0070878460588259,0.0067368598946428,0.0075437196893903,0.0073498908820174,0.0072391914102053,0.0066846161534199,0.0067484838058715,0.0070569265640736,50000,300,1,300.0,0.006,0,1
439_UCR_id_137_HumanActivity_tr_48750_1st_110800.csv,4.0583570689986E-05,9.50653621769445E-05,0.069155553032182,0.0003734398026115,0.0028251999685691,0.0005744871692476,4.63587663124551E-05,4.2074718722154E-05,0.0003109977385086,0.6397609452933230,0.0001381156361058,7.62062370481617E-05,0.0009520363807943,0.5110001856388410,0.0003328439846495,0.000136105531988,1.31424578398405E-05,0.6463641798235890,1.69000364649905E-05,2.04243243658331E-05,0.0001461840397172,2.33078105216395E-05,2.27895231632515E-05,0.0012977441728322,0.3973473629277990,0.1069863944583140,0.3027020332220320,8.20834823472203E-05,0.6371443484509200,0.6380084936995340,4.37749117035175E-05,0.3336013313542370,195000,1,1,1.0,5.12820512820513E-06,1,0
459_UCR_id_157_HumanActivity_tr_50000_1st_110260.csv,0.0038687518077588,0.0018577901955687,0.0028020901804118,0.0077997708611643,0.0010070321577435,0.0250117896506736,0.0114778346122509,0.007800986220353,0.0657155509809346,0.0013221016950086,0.0005478198563552,0.0035788628534191,0.006784733473975,0.0163892847171129,0.0192879227251649,0.0124952997714284,0.0005064458362795,0.0015176229932248,0.0006857060460051,0.0007687114815879,0.006041568292096,0.000772373348881,0.0007598165838932,0.0006484755470195,0.0007411600921443,0.0008499577284512,0.0008557022505474,0.000559083015328,0.003743228642047,0.0034127052297116,0.0006799980471936,0.0006949684305007,200000,152,1,152.0,0.00076,0,1
473_UCR_id_171_HumanActivity_tr_2617_1st_7290.csv,0.0033145513589638,0.0096411191312335,0.2390985145995870,0.0159322052723382,0.0035606613297293,0.1365671573304470,0.0012206677256794,0.001385185214115,0.0011840694114629,0.0040583296301075,0.0114084186347428,0.0059118375449413,0.0007263051380594,0.0010895926195432,0.0027980667250045,0.0009664455725303,0.0023248916217391,0.0062460056200769,0.0079417275655547,0.0214276086543173,0.0015029535247193,0.0038582147646177,0.0013107626232486,0.0025552387151096,0.003778721816971,0.0021087213323884,0.0018438224037287,0.0099974800332569,0.0060042313395187,0.0026580161924582,0.0031361299396191,0.0031389429188304,10468,6,1,6.0,0.0005731753916698,0,1
516_UCR_id_214_HumanActivity_tr_2108_1st_4702.csv,0.0465298451869374,0.0057082825417835,0.4194068908160010,0.1271856443531490,0.0040510297800491,0.0125633688948165,0.0066471973228005,0.0082016367561186,0.4525542542373490,0.0259685658862158,0.0062618777249797,0.0061789870028231,0.0057768073181976,0.0031502832318158,0.0038659173728692,0.0011555700939575,0.0110768022008427,0.0045010243631887,0.0060393827580015,0.0683549682890915,0.0044440901865989,0.3759508430415920,0.1159822635139930,0.003259075132314,0.0016923855689552,0.0040764806327216,0.0032977793267282,0.0012356290589802,0.0093267492483793,0.0031156807110111,0.0014631174833055,0.0016826418656958,8432,5,1,5.0,0.0005929791271347,0,1
530_UCR_id_228_HumanActivity_tr_16250_1st_38500.csv,0.0047338457903596,0.0160281179310364,0.0748782401750878,0.1140142231481120,0.0080220018182745,0.0291833948297066,0.0361828854522508,0.0456136332990628,0.0099399520771383,0.0076071659613196,0.0184875447858656,0.0056108660187216,0.0041427681766703,0.0072129150304516,0.0240980205938826,0.0055036577866945,0.0048291360065981,0.0068424162682542,0.0421239393965894,0.0417363399282102,0.0056004689473404,0.0443304409382231,0.0167393042274843,0.0080916859483347,0.0048597110467162,0.0044236308747595,0.0049108774385207,0.0052838555800157,0.0058261973953362,0.0052100159159896,0.004368780060547,0.0045190884073209,65000,300,1,300.0,0.0046153846153846,0,1
319_UCR_id_17_Environment_tr_6166_1st_19280.csv,0.0103395438237825,0.0117639677448344,0.0448276356623353,0.01074426712968,0.5003450973581000,0.0050169650282427,0.0085431814848062,0.0063138269577381,0.0401042869240539,0.0227995028413757,0.0211373409465294,0.007292629937346,0.0175766004716151,0.0085875565821654,0.11502101207471,0.148500564523618,0.0062146339607775,0.0270156197191106,0.0060142894233336,0.0058271123117576,0.0118315459007981,0.0057264443367739,0.005583630961098,0.0086730212340995,0.0255773583555837,0.0209758038369512,0.0372718834455298,0.0235298864197436,0.0083116916276708,0.014042612515944,0.5782042507170750,0.6505947929029270,24667,160,1,160.0,0.0064863988324482,0,1
385_UCR_id_83_Environment_tr_2046_1st_6006.csv,0.1005833438756240,0.006144205666733,0.09984813152382,0.0082439792409911,0.0782014905654521,0.4261258223464100,0.4307636377893760,0.3755332122284930,0.0266902089819432,0.0340647332029909,0.0047878891907601,0.1541498018750420,0.3503805373245050,0.775753950978212,0.516178719204032,0.8406270830747850,0.0094203748513432,0.0072041183162206,0.0079185790117671,0.0079341731724562,0.0089917531409292,0.0079235180990357,0.0054042048043871,0.0098608101666165,0.0161224785924418,0.0086451888135104,0.0148714653840317,0.0214193826644152,0.0283275367842009,0.0305089123944683,0.0071419151589498,0.0094735252140663,8184,48,1,48.0,0.0058651026392961,0,1
387_UCR_id_85_Environment_tr_2046_1st_5549.csv,0.031359419278084,0.0137256953282346,0.6034502462512440,0.0640488186829748,0.0291430818550374,0.1676143513998000,0.0767525721170684,0.1057357086964630,0.0160784492831118,0.3068588002627480,0.0354011307319388,0.0390262766256107,0.0164079897626652,0.7924937212425090,0.0450251183907482,0.0314571924701732,0.0056474881157563,0.0409545260181902,0.0222475621811976,0.0243488007284538,0.007142755694167,0.0201344971525868,0.0301421396825174,0.0094687266276034,0.046027647603163,0.0067526448832356,0.0157384291174671,0.0771551190824204,0.3024602478278400,0.2377599245652800,0.0191914468485848,0.0252348142811429,8184,48,1,48.0,0.0058651026392961,0,1
393_UCR_id_91_Environment_tr_2046_1st_4852.csv,0.0584725399646073,0.0119372156094751,0.163789862110759,0.0451650863966894,0.0082626167105572,0.2443472232772480,0.4175684544857330,0.3641332580199670,0.2147055082888470,0.0462939460945173,0.0288345382735149,0.1462518776242390,0.5348499325616340,0.5641733410025860,0.7227088283818960,0.63500661036477,0.017200606107283,0.0063029907168756,0.0181284176724747,0.0172483670548111,0.0071429450544824,0.0195610731104506,0.0664774230600979,0.0049304596402722,0.0081105916167402,0.0190035256508795,0.0101331899075058,0.0252693390291546,0.0506186657713028,0.0647187520918127,0.0059334088954374,0.0064995662767284,8184,48,1,48.0,0.0058651026392961,0,1
400_UCR_id_98_Environment_tr_2046_1st_5391.csv,0.0045624143025432,0.0003934087464531,0.0236160642772776,0.0039186990469823,0.001572624506267,0.0427706247540153,0.0102656746266316,0.0122436003866364,0.0002016922877977,0.5799655018013590,0.0003097335214086,0.0032799844796071,0.0035279164858148,0.1122469992121140,0.0103206975163969,0.0106193737673729,0.0003136762860727,0.0015197568389057,0.0005336179295624,0.0005783808253644,0.0044518130564672,0.0005163577655492,0.0002802860112774,0.0274085883846443,0.0022126037799365,0.0012405656820511,0.0135295389669137,0.0103294366671228,1.0,0.57184958722044,0.000476856299986,0.0006132312123965,8184,1,1,1.0,0.0001221896383186,1,0
411_UCR_id_109_Environment_tr_2046_1st_4852.csv,0.0698522813589576,0.00921496422667,0.1638464166260470,0.0064132046834725,0.0081291607672917,0.2562475504094530,0.449249980434336,0.3520180852397710,0.0680096344089414,0.0443232944046311,0.0124762374544869,0.1704841960626610,0.5635355455480360,0.5940100276684640,0.755612680819284,0.90582447618461,0.0090812025400058,0.0056338175852691,0.0139540197486214,0.0140117132673359,0.0070543643080109,0.0147243649010221,0.0477192646453396,0.0055686356871803,0.0065062829617881,0.0153214951342756,0.0826373897352156,0.0093702596166106,0.0547118662730806,0.0639477153280968,0.005582276013619,0.0059817610604127,8184,48,1,48.0,0.0058651026392961,0,1
445_UCR_id_143_Environment_tr_6166_1st_19280.csv,0.0064012696929536,0.011865173866458,0.1507551820239630,0.0133674888854771,0.2125784229212450,0.0049230427681355,0.0086753027238282,0.0062081015048766,0.0914062160333147,0.0187007640570053,0.0208205287726264,0.0070065348886387,0.0134444003554365,0.0061433133414729,0.3676170597444850,0.1253541997649690,0.0046610581140209,0.028284388904502,0.0061196132567642,0.0056928777675183,0.0055313959430516,0.0056392906284835,0.0055269345592898,0.0078899790849851,0.0240279454362072,0.0342403047690937,0.0153657930014095,0.0230649969002696,0.0089258965197001,0.0136403825387985,0.6141956219659930,0.671017893502728,24667,160,1,160.0,0.0064863988324482,0,1
463_UCR_id_161_Environment_tr_2046_1st_6006.csv,0.0983139615859419,0.0057561467022046,0.1095848314360280,0.1121884317359490,0.0254900583455518,0.3870786038783350,0.4497943735407570,0.3742046277449840,0.0703613748385704,0.0336834922320194,0.00427221252876,0.2145032897265400,0.2895666415763780,0.7845708578432430,0.4892492324424390,0.8304360522728400,0.008228404088862,0.0064646263637845,0.0075167697910025,0.0073330362611884,0.0075387115162405,0.0074230849588765,0.0051965620826404,0.00674861062397,0.0096534639303149,0.0093369596665761,0.0163904142505199,0.021264690520043,0.0290403442262981,0.0333569966605343,0.0067512566575686,0.0078639364572099,8184,48,1,48.0,0.0058651026392961,0,1
467_UCR_id_165_Environment_tr_6166_1st_19280.csv,0.0059101670271514,0.013758882278998,0.0286691900347142,0.0144940167908885,0.2391227701410150,0.0045437927851019,0.0060574420784172,0.0187344938125551,0.0514388148885786,0.0096303582909139,0.0216959480942881,0.0049063437099078,0.0132733374128664,0.0046359027664259,0.0403805671849922,0.0409295012020109,0.0062706129973783,0.0274974067807628,0.0058088160191489,0.0057727211913497,0.0134756594721001,0.0057330888432505,0.0056399773049518,0.0080768187650794,0.0239394632403354,0.0192898042414945,0.0300794766962286,0.0221664826056051,0.008750625764286,0.0122144805856428,0.5101969497221650,0.6147660296044880,24667,160,1,160.0,0.0064863988324482,0,1
474_UCR_id_172_Environment_tr_2046_1st_6520.csv,0.0430099999867931,0.0040070849018663,0.1534351805319670,0.0041148624923371,0.0064869410743854,0.2025068022907010,0.2220806761080260,0.1279197164949910,0.0040410698252341,0.0483632896095157,0.0025849838171998,0.0345185567150726,0.4842997502122960,0.4627421593157690,0.7148781086962080,0.91433295063083,0.0083025833604001,0.004988876809505,0.0054874510987946,0.0051700124710825,0.0041218129883628,0.0053118724077887,0.0032540833225624,0.0037183179195767,0.0056432075610589,0.0030783696894663,0.0041933039358502,0.0072398618758667,0.0532842285998355,0.0563978987864719,0.0028505159577793,0.0030190065130952,8184,24,1,24.0,0.002932551319648,0,1
495_UCR_id_193_Environment_tr_2046_1st_6520.csv,0.0349168718645534,0.004450032074146,0.1030939986366910,0.0234640355053814,0.0075916528694332,0.190726620851971,0.1887848508676520,0.2777610925488110,0.0036662651203165,0.0479507547802986,0.002872137959449,0.0533935945274815,0.4837245824189760,0.4627836663557240,0.7120507352053350,0.9051411408043040,0.0108957532302466,0.0057505070591333,0.0061744660497538,0.0057401857399682,0.0040850165945114,0.0059803485833066,0.0033645741498212,0.0029600253653779,0.0065535930419045,0.0061183849164313,0.0033458943493649,0.0074528142884091,0.0513148844497273,0.0600468747365769,0.0029971392073978,0.0031470566463629,8184,24,1,24.0,0.002932551319648,0,1
496_UCR_id_194_Environment_tr_2046_1st_5391.csv,0.0040616625562675,0.0003673376258964,0.0216979577868186,0.0030000072418622,0.0014851772568957,0.0264358174275127,0.007058464795073,0.0072047491368645,0.0001766549984968,0.5799655018013590,0.0003165508112088,0.0025749853406071,0.0040484057360546,0.1122469992121140,0.0081639588807207,0.0095326380897448,0.0003467201987859,0.001085776330076,0.0004828585224529,0.0005032740849879,0.0069984267322543,0.0004723505722502,0.0004916233614483,0.0242821218227376,0.0020544431475093,0.005050505050505,0.0045485451325035,0.0096583964347535,0.57184958722044,0.57184958722044,0.000375713970055,0.0004842260248706,8184,1,1,1.0,0.0001221896383186,1,0
499_UCR_id_197_Environment_tr_2046_1st_5703.csv,0.1212279668816950,0.0076119642291391,0.0613763128091608,0.010933266802101,0.0063241054989744,0.0710726206862985,0.0874054926911272,0.0939103722986598,0.0030351235057167,0.0058642291344978,0.0070496991378801,0.2332418274855810,0.327927443610681,0.0034032383647607,0.6693059027985460,0.6631407900021420,0.1683657809401660,0.006601883539005,0.0119420253971059,0.0110548451513931,0.0041218129883628,0.0121891696560696,0.008925999123842,0.0031161935248947,0.008813650581942,0.0089228094881143,0.0094077441853326,0.0035001951295277,0.0045896611792077,0.0034329712077689,0.0034948731771761,0.0038832917268141,8184,24,1,24.0,0.002932551319648,0,1
504_UCR_id_202_Environment_tr_2046_1st_5549.csv,0.0293109527427034,0.0126000930554548,0.7059979543233620,0.0083971491567254,0.0197947619094883,0.1868889119420780,0.0955084546732943,0.1265132293668210,0.0104036339571605,0.2892634761096630,0.0291828938830567,0.0396574924872204,0.0132308000502826,0.8237940073233170,0.0420435066303294,0.0262706039478017,0.0075714627481422,0.0371139013201242,0.018632103479444,0.0205898508960135,0.00802305872447,0.0177924284054055,0.0266560619431085,0.0119564230195434,0.0265244830707424,0.0059656947309621,0.0171143546234553,0.0778739558014447,0.3090537443159350,0.2512488688157860,0.0152171178475186,0.018073944592387,8184,48,1,48.0,0.0058651026392961,0,1
506_UCR_id_204_Environment_tr_2046_1st_5549.csv,0.02558639422514,0.0146779379136677,0.2512977469956360,0.0103815250287665,0.0353820951294893,0.0581239012689173,0.0374714334912204,0.0822075444149645,0.0096377260942029,0.2035313846069940,0.0396206780043015,0.0486190693113209,0.0125717404525145,0.757636842713395,0.0293405869888983,0.0253918067802704,0.0087500455595295,0.0383544597619831,0.0217977471857576,0.023897657490341,0.00802305872447,0.0204310019558097,0.0280764288690201,0.0339071315530752,0.015373718614407,0.0094571548724272,0.0189738679580037,0.0840863141028031,0.2023646758270110,0.1743099263738290,0.0212008850067246,0.0292033274892794,8184,48,1,48.0,0.0058651026392961,0,1
313_UCR_id_11_Sensor_tr_2827_1st_4711.csv,0.5121335941996750,0.0128105846138681,0.9492709505775400,0.0102739175813696,0.0364966836186934,0.8172415938648850,0.9650981017497650,0.9503587886380540,0.9583189426991830,0.0139974122571576,0.4625733251616260,0.4524572173611290,0.4745341973784270,0.7960698728061610,0.9692113140382710,0.962475500884458,0.4445912286771880,0.0252222003388327,0.0967721739859586,0.0121753364564276,0.0119238140228078,0.0156566092432101,0.5565366524873070,0.0087702035982462,0.0131198764589275,0.0114182325090741,0.0251736958510865,0.0132612790517451,0.0157386611829664,0.0353431049482313,0.0197812736698383,0.0353313951146535,11308,98,1,98.0,0.0086664308454191,0,1
316_UCR_id_14_Sensor_tr_2833_1st_5988.csv,0.163788458094625,0.0139272653281052,0.2831983333010500,0.0704408976511008,0.0921457882347403,0.8069363311884360,0.9660335302676010,0.9362555484875120,0.9843244332363990,0.0161927143178374,0.4758818635468600,0.2143778676452220,0.9774294474699150,0.9666674595151010,0.9871209383490910,0.986190648297549,0.2490300839932030,0.0148694797474075,0.0110186543473091,0.0182501551315643,0.0118274979736323,0.0101678426828096,0.0315722183181351,0.0170050969738213,0.0174284156292595,0.0110882766028381,0.0288064583989063,0.0675894635222837,0.009553068611808,0.0188362647193577,0.0447635879946231,0.0362745230482454,11334,97,1,97.0,0.0085583200988177,0,1
339_UCR_id_37_Sensor_tr_2750_1st_5400.csv,0.0793690863666961,0.077964216009221,0.3017314946438310,0.0229858832902789,0.2624904295894060,0.3503812299526730,0.5702750067430610,0.4840805446020890,0.6873415025723190,0.0362909752986618,0.2973758880999020,0.0983109230992902,0.8662911935470870,0.2001894906993540,0.8854450612284050,0.9808159569947510,0.3380399594749500,0.3873092675445840,0.0638197274903052,0.0641792037434768,0.0268182435611628,0.057811294546103,0.2781161962944480,0.0284386689133542,0.0371885002617891,0.1090445574414030,0.0346552944399636,0.0778255226584711,0.0313231724422884,0.047205409118269,0.153478508556362,0.1609739643647240,11000,200,1,200.0,0.0181818181818181,0,1
344_UCR_id_42_Sensor_tr_2851_1st_5365.csv,0.0049219209575553,0.0040024794941913,0.0567317603068241,0.0076279661698715,0.0163295417785809,0.0262219393680533,0.0140748836509806,0.0061296264725242,0.0028943946286914,0.0071393070237343,0.0024924351103605,0.0015924239845866,0.0082722921034687,0.0305001498107366,0.0386598825013847,0.0511981299268043,0.0120320446183148,0.0076896380827603,0.0102983991092878,0.0057284216265023,0.0071528708050225,0.0052251605513754,0.0035184951366937,0.0077697272764742,0.0080790751383113,0.0130231430845618,0.0078732694326628,0.0045316826861638,0.0082112624632373,0.0052140396477256,0.0052650153039142,0.0056317852692367,11406,15,1,15.0,0.0013150973172014,0,1
364_UCR_id_62_Sensor_tr_2833_1st_5988.csv,0.015272850899919,0.0124477587098191,0.8757152030668920,0.0123339927098357,0.0599531642236775,0.7236311482079270,0.8609611504321690,0.9063713937190630,0.4049612170577460,0.0130042725398572,0.0267258706530128,0.0242654648968181,0.95377110752791,0.9936684564944970,0.9854534819933370,0.9880495395591840,0.0897080733546531,0.0132294715555745,0.0085081797687001,0.0153279484160467,0.0125715152647208,0.0098967614274773,0.0089475344459916,0.0170297384935288,0.0127167868408913,0.0111630463297094,0.0176943414184618,0.0443793262871073,0.0111829155510683,0.0146410143052901,0.0195479536723033,0.0193029424313494,11334,97,1,97.0,0.0085583200988177,0,1
369_UCR_id_67_Sensor_tr_2750_1st_5400.csv,0.0540022963556598,0.0657393388850061,0.6734899863034850,0.0542719757491232,0.1490172333804870,0.3897160135796730,0.5919180058939250,0.4919820469197560,0.7195694711063170,0.0308559130012186,0.2841158541357320,0.0566446436163245,0.8688845625253960,0.0410222687354816,0.8851551074076650,0.9799953449580700,0.3212438241793250,0.3909595726629710,0.0620145243773712,0.0625403270408209,0.026946881681644,0.0620266152615481,0.261935496181566,0.0290990706498711,0.0292333499955392,0.0240179468367076,0.0245792427520164,0.0657309130039233,0.0296808609033814,0.0406406284486781,0.1472870135167500,0.1647212437404310,11000,200,1,200.0,0.0181818181818181,0,1
373_UCR_id_71_Sensor_tr_2827_1st_5988.csv,0.0203874493915898,0.017762958738115,0.0949151978813422,0.0118368671440735,0.1746333496092240,0.1993685108719440,0.0338696172221382,0.0219353763484413,0.0084105060962572,0.0215687200473934,0.0265604682562683,0.0145657542611217,0.0143414749409751,0.1221423753975540,0.0662564922253014,0.0312671922527203,0.0135249012163836,0.0202926082637333,0.0141413766946616,0.0172472057952291,0.0124006392525132,0.0137513252701753,0.0123944510218393,0.0155053101051722,0.0174316508232529,0.0110020240201676,0.041271978973359,0.0174777641184823,0.0316396154670759,0.0204194028340553,0.022801442892901,0.0226472990347674,11308,97,1,97.0,0.0085779978776087,0,1
405_UCR_id_103_Sensor_tr_2827_1st_5988.csv,0.0188730256759133,0.236823369683492,0.1251662384783100,0.0199542454159522,0.393170129479363,0.4465572098793470,0.3990115740495430,0.2532862488095550,0.1323790101578320,0.0216453328811601,0.5552612157875830,0.4231565266461200,0.0268060618511025,0.0976948405426534,0.1331696978667390,0.0431875821100663,0.0350862561228193,0.0148298127056607,0.0206508096898038,0.0308942409749971,0.022591030565375,0.0111697001785942,0.0555259457778593,0.0275962732323551,0.0267406714237329,0.0126554515603814,0.0273616703766022,0.0199559905179374,0.05213012839796,0.0179528295364748,0.037708083488217,0.042558575754635,11308,97,1,97.0,0.0085779978776087,0,1
417_UCR_id_115_Sensor_tr_2750_1st_5400.csv,0.0831968761305994,0.0589985408232725,0.3614344218291920,0.0526988011452134,0.2624419613108880,0.3855086981384650,0.6104193283687820,0.4746518382187850,0.6774574754986370,0.0337127072803067,0.2971396784590110,0.1113407961911390,0.8934256346969450,0.1301042706583610,0.8846953153342220,0.9793156633803540,0.2039652838725580,0.363494141076769,0.0539338594626942,0.0540954410343171,0.0206533095312602,0.0573047813586778,0.280579897448312,0.0182987045189352,0.0475725146865347,0.050137661407599,0.0340560855109237,0.0631279908961477,0.0262522545277215,0.0263163909764723,0.1536778313455200,0.1620835462140260,11000,200,1,200.0,0.0181818181818181,0,1
426_UCR_id_124_Sensor_tr_2827_1st_4711.csv,0.3725480479259120,0.012911573076204,0.98261086401905,0.0129599296971026,0.0339712303750693,0.8238990304993280,0.9412302372174660,0.9526901442490270,0.9667752639858410,0.0147876444556042,0.4085653657964030,0.5202714935947520,0.4979193050706010,0.7694306811179060,0.9667418973910090,0.9688773820452150,0.4316888472530700,0.0254258543891167,0.0596771290782278,0.0230111252121901,0.0118467574188334,0.0168650667583328,0.1080594853667080,0.0090473958120435,0.0276419602505144,0.033792442671539,0.01522415003073,0.0142459393765022,0.0161353130758872,0.02280399085243,0.0262561742548332,0.0387218554383246,11308,98,1,98.0,0.0086664308454191,0,1
449_UCR_id_147_Sensor_tr_2847_1st_9330.csv,0.0557682323699979,0.0048378425105196,0.3500478505942500,0.0072171402031578,0.0251976105540069,0.4245042050892680,0.7420917871658100,0.7420917871658100,0.2898239276361450,0.1395330181931160,0.06959628697336,0.0052323757842854,0.3879935589262060,0.2546240913647530,0.628271877746688,0.7251610110173130,0.1411178998503750,0.0086765724476303,0.1171656119566090,0.0079500112809103,0.005131313652901,0.0091753843555768,0.1547459901659050,0.0035937446658519,0.0088473326033601,0.0027414021884015,0.047474475834292,0.0071328665646592,0.1078530491864530,0.1042228249921750,0.003878473121786,0.0058762620401176,11388,10,1,10.0,0.0008781173164734,0,1
493_UCR_id_191_Sensor_tr_2847_1st_9330.csv,0.1452346577521470,0.0086600876319117,0.3456828653117910,0.0030454986189026,0.2081135982793910,0.5198405658270770,0.7776660022758540,0.2210678863923040,0.8161428936568120,0.1424320347320350,0.1584136227575230,0.0536323435925439,0.5325691070597960,0.684224591180552,0.5446413676939290,0.7672012112422740,0.2150441644286140,0.1186513678868770,0.113282131319126,0.0105446066631686,0.0045106644460004,0.0125693288228132,0.0200582333924566,0.0054258752507255,0.0044795660811527,0.0703158164047984,0.0477269057794422,0.0117918139360349,0.1067798695305710,0.1072016873668390,0.0056403715633231,0.0118347671013213,11388,10,1,10.0,0.0008781173164734,0,1
526_UCR_id_224_Sensor_tr_2827_1st_4711.csv,0.0782948611472062,0.0109673376989988,0.9716767598951990,0.0124487306729799,0.0159895970827167,0.7359691822702270,0.9033140808907680,0.8732637808006300,0.5659077909701920,0.0134487696854079,0.0213309246752393,0.1268796270372600,0.5148794301805700,0.96941317413468,0.9620925436011890,0.8979186887616440,0.5274696399746210,0.0239428481591886,0.0530985982488775,0.0126162476037018,0.0123351585368224,0.0143802306295858,0.0273182434778617,0.0077771357577368,0.0254693061073197,0.0090950706762827,0.0249556315145663,0.0125594200374441,0.015975456688882,0.0251132165147865,0.0104810027887336,0.012215730484229,11308,98,1,98.0,0.0086664308454191,0,1
531_SMAP_id_1_Sensor_tr_1811_1st_4510.csv,0.9051621905694420,0.030646624523319,0.9505546292756740,0.030646624523319,0.8902706480840850,0.8984976822243060,0.9918318722347370,0.9930407230982610,0.7441501038809300,0.6774229278476550,0.8999286564973880,0.8706671801058080,0.8992139271244390,0.0,0.9558418669016170,0.991821775809956,0.920618073224794,0.0270367418199527,0.3820372231336160,0.0302455818809071,0.0291834479390099,0.0495812855969721,0.9245897132410530,0.1420249420982720,0.3797192318748270,0.030646624523319,0.3819519375777250,0.030646624523319,0.0322713934663688,0.258185220781272,0.7834427727950960,0.7873196585087460,7244,81,1,81.0,0.0111816675869685,0,1
532_SMAP_id_2_Sensor_tr_2075_1st_5550.csv,0.0442642343548433,0.158769424698291,0.1417441735829130,0.0684405317694832,0.6506561590598720,0.2010554672837440,0.0497497207897056,0.0572538140886253,0.3835641022541840,0.0840938357672646,0.2203964864610330,0.0398034837756038,0.0532973400476935,0.200765848342733,0.1265056030879200,0.1675911062108250,0.0405968942993111,0.1627509981181120,0.1589837026075810,0.1180558434513660,0.0472895666116859,0.1325392875159420,0.116013987354911,0.1533584986880560,0.1128242053337780,0.1703572107029450,0.1358143177275050,0.0760043525582195,0.0624361431096161,0.0546768984606314,0.31908438880418,0.3186395118631270,8302,351,1,351.0,0.042278968923151,0,1
533_SMAP_id_3_Sensor_tr_2052_1st_5300.csv,0.9097579930935470,0.619812712160597,0.1336627904521660,0.326780421733403,0.9997505648308430,0.1262977296854490,0.080882671505221,0.0806456695754008,0.976002590216734,0.8945879693866490,0.9738739299075080,0.9319390757450140,0.1742909823205030,0.3695121870824750,0.1159517489740340,0.1255424335385920,0.9905863811498760,0.7103247917379380,0.6207923505673010,0.0826463360959093,0.4927857771558000,0.0752009762797415,0.0741859413029574,0.8064536410284400,0.9522464556484540,0.9669253149600790,0.9335034455044970,0.7756808994973780,0.7432179479832540,0.9309168904752240,0.9855738488090660,0.985546594761379,8209,1121,1,1121.0,0.1365574369594350,0,1
534_SMAP_id_4_Sensor_tr_1968_1st_4370.csv,0.7704300206598070,0.0325854263345622,0.6774716606569600,0.0325854263345622,0.2911928930310850,0.7623885711218820,0.9884783245918810,0.7696020110543920,0.006870381803635,0.1244576016496070,0.7603393810787060,0.8335836928253800,0.7557939648650560,0.0,0.6845532808263550,0.9778574774581030,0.874441828400907,0.6702977004122020,0.6323824620071340,0.0324625973267437,0.0696789714491606,0.0187045010719811,0.0061090515974572,0.446443756154637,0.6323824620071340,0.0190623137379252,0.0251973206492255,0.0325854263345622,0.036994523626945,0.3266393397813050,0.9527592490826910,0.950162038737106,7874,51,1,51.0,0.0064770129540259,0,1
536_SMAP_id_6_Sensor_tr_2160_1st_5600.csv,0.9946809678736390,0.850105782642481,0.0133594904644596,0.3144953538996080,0.7897640254567020,0.9361276682950520,0.9991440844772840,0.8344590951584700,0.0102990787713958,0.090954188952579,0.1335057813902290,0.970445294801763,0.9991440844772840,0.0,0.9351199036214220,0.9986906251215120,0.9594666900381170,0.6345266031656470,0.6345266031656470,0.5994800529156950,0.0275748533069203,0.566326035879052,0.1867853350031090,0.8709354244132520,0.3087908472809380,0.9116625918585900,0.486380944217152,0.5199218031678730,0.5759684949888980,0.6221406816272420,0.6150457003044290,0.619698771967316,8640,101,1,101.0,0.0116898148148148,0,1
537_SMAP_id_7_Sensor_tr_2077_1st_5394.csv,0.4636778991244860,0.1807694011846750,0.0249202055497514,0.060610165008672,0.9811596489610540,0.0226120304365393,0.0196218646505349,0.0249221789848766,0.9949453156241270,0.486709846787983,0.9980377653307480,0.85738514374086,0.0352169739095398,0.0205574170475454,0.030367919617738,0.0331729194233457,0.0199867170439045,0.6341054108821670,0.1911928633466610,0.092148401321251,0.4972850344948800,0.0258808699932784,0.0209223349211827,0.4251562800246220,0.5740056024166930,0.90295778768939,0.3691279267028050,0.2081047862031170,0.1638831814895780,0.1920354273587160,0.8121157009658990,0.8122536367304700,8310,281,1,281.0,0.0338146811070998,0,1
538_SMAP_id_8_Sensor_tr_2007_1st_3650.csv,0.7121665372474790,0.2530417825292040,0.5438895824806710,0.0501253601394665,0.8572928942059190,0.2822879178061140,0.6866645048379400,0.1963815276920420,0.7152968812197470,0.3251666268710770,0.7234153268659230,0.7176648744209120,0.1255794730626570,0.0357333201415797,0.6670689945700760,0.583695012501552,0.9198662879676170,0.4416828736898510,0.4023792139600780,0.3507187193006340,0.0451794919420029,0.4975082044299510,0.778537135478026,0.4787269609101850,0.5396897169816460,0.6528526492113310,0.4719199248583590,0.3253457365858550,0.1492387190558860,0.2793699275720080,0.9346721424664360,0.9367941202744300,8029,268,3,89.33333333333330,0.0333790011209366,0,1
539_SMAP_id_9_Sensor_tr_1857_1st_4270.csv,0.0261728842714344,0.1219854126709850,0.0111636189396881,0.0153719822227842,0.8063886252859730,0.0153719822227842,0.0067154971177418,0.0062023332928379,0.1255415532182120,0.0324481495467252,0.0084420058513404,0.0247795384973814,0.0203366560837956,0.0258504467499743,0.0146711965639115,0.0174525666566793,0.0126173321463329,0.4467471569053660,0.0152847029609103,0.0130552360133389,0.0315134251371648,0.0066972962826595,0.0117699394671754,0.1158029705190070,0.5078332153008230,0.8900361095666360,0.3275315331137020,0.6547731789031620,0.1288158036926600,0.170280802447465,0.9889487852644170,0.991961506745492,7431,61,1,61.0,0.00820885479747,0,1
540_SMAP_id_10_Sensor_tr_2051_1st_4575.csv,0.2451343328694720,0.0258228430972048,0.8195625758279850,0.0271341232375593,0.6275268192509900,0.9581965121409810,0.9907464373161670,0.9169036027326970,0.981914210146544,0.0820299468973348,0.5360386448347960,0.7881981505662550,0.9179766172003640,0.976247767860184,0.929151309498901,0.9905972293290510,0.6164607424691650,0.3409726245141620,0.069210151402825,0.028528125442873,0.0282265270391666,0.0517926600022371,0.0165837821093515,0.0491606949655542,0.0395995279092152,0.1016677190742010,0.0368062555715707,0.1267166466701630,0.0551671666105886,0.058591145776265,0.0947267726580423,0.1448441026662150,8205,186,1,186.0,0.0226691042047532,0,1
541_SMAP_id_11_Sensor_tr_1832_1st_5300.csv,0.6714484216396100,0.5084024883773070,0.2020756555485620,0.1282181674007600,0.9753846778952220,0.1911579345094800,0.4658478524139670,0.4456725064178200,0.2119658292915300,0.2934481474507610,0.820644254242698,0.6037195800194410,0.1897087429633910,0.4010423133889020,0.186515309949832,0.6482156805267010,0.1904229034075680,0.1763019988525060,0.1994871533601340,0.607652253944788,0.0702658213328361,0.658069775108457,0.8012580148787540,0.2013025359928740,0.0983490973677959,0.0850952914248465,0.0799073097096989,0.1059434627890880,0.0980322298820055,0.096720661348515,0.3984855952616150,0.4077448577992110,7331,448,1,448.0,0.0611103532942299,0,1
542_SMAP_id_12_Sensor_tr_1908_1st_4690.csv,0.6599873682361970,0.0729153354836632,0.8297959257591240,0.072833322687455,0.4715248569890440,0.8914002816600620,0.996049304718527,1.0,0.9952906296076120,0.788772609342785,0.6377547921568170,0.0047900268883321,0.9696293530175060,0.2827849643356800,0.7879994034535520,0.9909175732904340,0.0039466277480945,0.0405282391494896,0.0438785274892611,0.0416807836213744,0.0088907932176243,0.0847479051251576,0.6388605213050320,0.2845837705791380,0.1037615949855040,0.4869962306062380,0.3595742895385740,0.0487236744091351,0.2754575876229300,0.0548690480716191,0.8697713273649620,0.885662423277715,7632,31,1,31.0,0.0040618448637316,0,1
544_SMAP_id_14_Sensor_tr_1978_1st_4450.csv,0.0422929922808125,0.017052421674967,0.9805944298733240,0.0188464857198399,0.0145611959581499,0.874014999945993,0.9896638518494890,0.9937902417863940,0.966319613860186,0.0377747988960205,0.0094465464884322,0.0125798722286617,0.9923818045930680,0.8991169221875860,0.9848818779325390,0.9646935588380510,0.5799402242884240,0.0328029887043436,0.0586753681706717,0.0223428699907776,0.0182521425236144,0.0209529366816792,0.0692388169969852,0.0152583854523239,0.0147349331402532,0.0181050780423953,0.0251208930299631,0.0492248108068316,0.0293821799161175,0.0227774670980225,0.0111845929749265,0.0117708161847118,7914,111,1,111.0,0.0140257771038665,0,1
545_SMAP_id_15_Sensor_tr_1173_1st_2750.csv,0.0774879656989323,0.8131152251909950,0.0923258543346293,0.632080265939297,0.6209167995900390,0.008908627865788,0.0113584450829324,0.0109811219124617,0.0143047736172701,0.3655204741612730,0.5384377896498560,0.1926010542295510,0.1989688922702890,0.1703937310742370,0.0084436061148101,0.0087190391833151,0.0527366728986141,0.9680323185281010,0.432885031168113,0.0161108709806817,0.0556727933672762,0.0158483641991612,0.0144621138490602,0.8419464617750830,0.9706143079678250,0.7000906294461760,0.8660011481996440,0.9478061201579500,0.6448648035431080,0.8267839896803650,0.9595200102203370,0.9582342867760400,4693,51,1,51.0,0.0108672490943959,0,1
546_SMAP_id_16_Sensor_tr_2117_1st_4770.csv,0.3314414269768900,0.0144492770612659,0.5865863555547110,0.0230943713489834,0.0358343134276179,0.8352786618395580,0.8837105529207640,0.8989316357149940,0.7029752598600130,0.0098083476826728,0.0092733257797484,0.5682444157560300,0.9333437245546790,0.4345549634633990,0.9559915597323250,0.9593661663954570,0.0144209199895585,0.0178139072466445,0.0183297120878722,0.0217019364000025,0.0190359450442713,0.017332210192916,0.0200308859302647,0.0179655982663376,0.0170063128500655,0.0160731917208497,0.0159187646952197,0.0175777873647489,0.017462292195605,0.0173010673513395,0.0176598641686999,0.0176998781841482,8469,121,1,121.0,0.0142874011099303,0,1
547_SMAP_id_17_Sensor_tr_2133_1st_5400.csv,0.4297131647090300,0.4445054381654860,0.1048519413041440,0.1666956826257200,0.8160689406156820,0.404974507362823,0.1611036664116920,0.3532201768930270,0.3249554542863870,0.2525647037065510,0.5924261484281760,0.4633056815208550,0.0926759332571877,0.1014413059197850,0.1126278883786200,0.3230932111031070,0.3936827102347040,0.4788578683131360,0.4582635860938590,0.0618593904521341,0.1176435432861340,0.222105047939089,0.0631913622374873,0.3504845582201590,0.0990263923774056,0.2495392036920930,0.0804834224077366,0.1180828674598260,0.0729024561340353,0.1114952190013420,0.1569097744755370,0.1633797187937240,8532,623,1,623.0,0.0730192217533989,0,1
548_SMAP_id_18_Sensor_tr_2094_1st_5600.csv,0.6261649135386600,0.0193547921106826,0.1961919015141080,0.5601491847184420,0.3496486994655580,0.5944061407792680,0.9853551969251100,0.9857438321030780,0.1812715638826440,0.0055841694180209,0.0054985731535941,0.6452857170978120,0.5944061407792680,0.5966115892670800,0.5944061407792680,0.9829886240565410,0.7210167227876970,0.0149884248855262,0.0136478972737087,0.004421813103502,0.01124990447678,0.0058969262373884,0.0038782614493509,0.0148001390386718,0.8150389776971950,0.7513724582485970,0.6905921985444140,0.7078776560179050,0.0114573862873846,0.7276597544379360,0.9824745241921320,0.9795078924193430,8376,41,1,41.0,0.0048949379178605,0,1
549_SMAP_id_19_Sensor_tr_1998_1st_2098.csv,0.0615278948439451,0.0294727760603174,0.5139600209631050,0.0421588745060709,0.7757599026704040,0.0158294865912848,0.565685702756936,0.9256684736875950,0.9827664324107730,0.4044307870849980,0.9349040486993950,0.8978902049296760,0.74918850415445,0.573126505628796,0.663251686608184,0.9841511517372680,0.9634604593513130,0.0538997664814831,0.0384238595316918,0.036386282315911,0.0338774628344539,0.0526105624921217,0.927392372977652,0.1196172869307310,0.3726538749223280,0.2711198060995590,0.3033147508881140,0.0382660954722474,0.0608474629714129,0.292944737306047,0.6766274536177320,0.6766001944981500,8579,184,2,92.0,0.0214477211796246,0,1
550_SWaT_id_1_Sensor_tr_43700_1st_43800.csv,0.1317813561722180,0.4968938966635150,0.1077013663116250,0.1211682396739050,0.0964803786020064,0.1132034951958390,0.4329279296856210,0.2071726418083090,0.2175122488970890,0.3529305185285260,0.3928921715449980,0.1184584710866980,0.0934762449579567,0.0943250862973012,0.1020141806036470,0.1022462496954700,0.3780868939954600,0.68176915281637,0.6699803183818310,0.4628405101919570,0.0965528583859271,0.4400413120552810,0.3659426486443970,0.4714056366540580,0.1094176452190330,0.1006713281613500,0.1051574764256600,0.0863500208682511,0.1412667539046600,0.2220265361215260,0.0748038179551788,0.0750485850430113,419919,50653,27,1876.037037037040,0.1206256444695290,0,1
551_YAHOO_id_1_Synthetic_tr_500_1st_893.csv,0.0187310700578476,0.0344827586206896,0.5100352057482540,0.0249999999999999,0.1714188432655710,0.4837142743101400,1.0,0.4635549929905650,0.0211069825946605,1.0,0.001677990862178,0.0312947556895834,0.2981906347420540,0.5271040562284070,0.1313657654075370,1.0,0.9549989669706620,1.0,0.0555555555555554,0.0359119734764429,0.1303715302198860,0.013889316955303,0.004036783832874,0.0282503580207451,0.3919416074064070,0.082082754237642,0.1841454696855040,1.0,1.0,1.0,0.086898717845784,0.0290376059815787,1421,1,1,1.0,0.0007037297677691,1,0
552_YAHOO_id_2_Synthetic_tr_500_1st_893.csv,0.0026365650130457,1.0,0.3311394780049780,1.0,0.275274915206055,0.7499462843997230,0.0012345679012345,0.3264183259559620,0.0161911576305601,1.0,0.0018094744453995,0.0018079585599157,0.8326743070506610,0.1085670943400920,1.0,1.0,0.726644517909569,1.0,1.0,0.5579261941676130,0.0337555505552667,0.0105128216003464,0.0050138957988984,0.0045312267585845,0.7530366185179360,0.4023064200411160,0.4550091991369990,0.7260210499152290,1.0,1.0,0.1375178871776700,0.3047822141315100,1421,1,1,1.0,0.0007037297677691,1,0
555_YAHOO_id_5_WebService_tr_500_1st_730.csv,0.0289811566031626,0.0201838578092422,0.3388582316840550,0.0154198820106617,0.0955670406725898,0.3887231256402730,0.7331612493721580,0.6439281010794030,0.4326982092786560,0.3825961257682040,0.014131858253441,0.0611970111688867,0.5639958195121910,0.1558161617166410,0.5324625210213440,0.427652508980753,0.0364861190054908,0.1008962530855370,0.0385203120230149,0.037424086415572,0.0570535213607801,0.028804813806297,0.0275750348865967,0.0488727328546308,0.0176078755194583,0.0280897868413796,0.0200792200040149,0.5567085798561280,0.9386618295924260,0.9440573274774530,0.0621953905110615,0.0678496583195163,1680,4,4,1.0,0.0023809523809523,1,0
558_YAHOO_id_8_WebService_tr_500_1st_1125.csv,0.053281487852726,0.4143821895092270,0.1012186133251230,0.1608073606912910,0.0666585395614819,0.1188367807462640,0.1521038166244930,0.194942917786151,0.0570769700328116,0.2792828080776930,0.3990971808271850,0.0416953686835833,0.1747285950383780,0.0468185128615852,0.0952656572045432,0.0905355979663711,0.5341799068029840,0.048422932185217,0.0363744063288219,0.0374973763328724,0.0907234782369028,0.0360098841296274,0.0362072967350298,0.0448963749135251,0.0520406766170081,0.0562072802376526,0.051077239360636,0.0442652351984519,0.0401409727647949,0.0410044866037264,0.0488688178820015,0.0490112075445937,1427,80,2,40.0,0.056061667834618,1,1
562_YAHOO_id_12_Synthetic_tr_500_1st_893.csv,0.0016170005963995,1.0,0.0643179781658555,1.0,0.295027816581176,0.7125136186194400,1.0,1.0,0.0073250511119022,1.0,0.0018588253589556,0.0015018524225983,0.0466344171452007,0.477604308814482,0.3659175932117710,1.0,0.8333778509252990,1.0,1.0,0.5755608177377430,0.3475459944207700,0.9113497557705380,0.0041052287338347,0.0490767811276063,0.7431281898122670,0.5240423629397750,0.5259916470423790,1.0,1.0,1.0,0.6407617104339560,0.6916334001701680,1421,1,1,1.0,0.0007037297677691,1,0
570_YAHOO_id_20_Synthetic_tr_500_1st_658.csv,0.0762959401890997,0.0206633299070185,0.0742531231957466,0.0467364825591641,0.0528063189651315,0.2806317144419000,0.7306718229147420,0.939773593594054,0.6341426809246210,0.9906919233604850,0.0124804215230514,0.0249571217897221,0.2116789478894690,0.2423171778739320,0.151417368554415,0.54628946162389,0.6086786156164580,0.2244737715420740,0.0250890808314556,0.0217247728757922,0.0377294723304954,0.0263395962374262,0.0338490599949211,0.2556741529304860,0.1830473701095680,0.5019333071734400,0.3504030577944770,0.8396143428987410,0.8457822192671620,0.9113922629641710,0.0693565491708513,0.0753632754213978,1421,4,2,2.0,0.0028149190710767,0,1
571_YAHOO_id_21_Synthetic_tr_500_1st_623.csv,0.0067692760500032,0.8641975308641970,0.0996079104965058,0.8641975308641970,0.4255956762308770,0.0073693367703197,0.0289575759209431,0.0252754033131568,0.7429921558063870,0.8359040836920800,0.0169411929163113,0.0084451351287928,0.0893419344016859,0.3239910759712160,0.2929725918648430,0.6913680769416540,0.2384315205206170,0.9306399435482800,0.8641975308641970,0.4114257015898760,0.0368124312093201,0.3339754248390210,0.0304420528824607,0.0271708673801751,0.2636563305554120,0.2796426117654750,0.3338972259907400,0.9823570064723550,0.9692412984402180,0.9628242234239760,0.3683519453113970,0.3749869021745270,1421,9,3,3.0,0.0063335679099225,0,1
579_YAHOO_id_29_WebService_tr_500_1st_1342.csv,0.00331139064004,0.0097952245274039,0.2207052834788880,0.0052256784502634,0.2803009855135290,0.3191548587307380,1.0,0.0052093152734488,0.0330866801949201,1.0,0.0024483394997425,0.0038354361582194,0.028517096629183,0.0411857036903314,0.6120590946459150,1.0,0.0015480045736459,0.0400523296944244,0.0187056161997585,0.0308713575076474,0.00638864136712,0.0147184575587619,0.0060448469648987,0.0089606315530189,0.0471193489972547,0.0364256742095943,0.0067791980339709,0.5429637800383560,1.0,1.0,0.1245322735711130,0.429714704481575,1680,1,1,1.0,0.000595238095238,1,0
603_YAHOO_id_53_Synthetic_tr_500_1st_893.csv,0.0039929560025442,1.0,0.0394025791225978,1.0,0.0388358277804355,0.7372497518420310,0.0016366612111292,0.0032245180215844,0.194735465173495,1.0,0.0015876745810874,0.0024802855308502,0.0327222747580546,0.1519574111009650,0.0565300153727557,0.0115445998507374,0.8578361263040210,1.0,1.0,0.5750163135225640,0.0527260697005656,0.0061435197688365,0.002120885465281,0.2989714137174280,0.5020627570070450,0.2417638887737720,0.4086727567702770,1.0,1.0,1.0,0.5267681878429430,0.5449227884311920,1421,1,1,1.0,0.0007037297677691,1,0
644_YAHOO_id_94_WebService_tr_500_1st_1078.csv,0.0428556986250254,0.2106879490310170,0.8862249120464720,0.1462357944327120,0.0421285195104833,0.0792700511867125,0.8592585050868350,0.6484312429291490,0.9520344984296600,0.2683010089423710,0.1025306794127810,0.0399614397222758,0.7722663714500060,0.3820393940894870,0.9020902012109830,0.9216959259698500,0.977014093947896,0.0394033798991459,0.0317602149094512,0.0320849980105469,0.0616887613811929,0.0315186530723804,0.0306703718177106,0.0579324627644744,0.0351328936595892,0.0537756657381395,0.0453612856838905,0.0363780914625015,0.0408180462707033,0.0383540567545392,0.0313604639563102,0.031382539267752,1435,75,5,15.0,0.0522648083623693,1,1
645_YAHOO_id_95_WebService_tr_500_1st_1047.csv,0.0272324893310203,0.0070422535211267,0.3446079384171150,0.0037786467901009,0.4274930953226690,0.7174184558928080,1.0,1.0,0.429123870656698,0.1428571428571430,0.0019835630550591,0.0901841330025584,0.1187392881976920,0.2861039676485080,0.0759114421451963,1.0,0.0458150691905408,1.0,0.0147058823529411,0.0069869042263088,0.00638864136712,0.0031084008923197,0.0028024070163153,0.0021190535302901,0.0061694880043875,0.037206547693284,0.0116692064810907,0.5800594933804170,0.6534581822364150,0.6534581822364150,0.0157940765659449,0.0217771461438416,1680,1,1,1.0,0.000595238095238,1,0
649_YAHOO_id_99_WebService_tr_500_1st_1386.csv,0.06155353742654,1.0,0.4262552424209080,0.0684730082981135,0.1926345333356680,0.4718436894303070,1.0,1.0,0.0430227534520622,1.0,0.2466390876424690,0.0061941390274917,0.2731255515234600,0.8736435314768130,0.3573754874782490,0.4282503725349560,0.3161070469880250,1.0,1.0,0.6224816602077830,0.0416184998182527,0.0445278293653173,0.5605909441980800,0.1905253625481850,0.0816402056070396,0.0318513166060202,0.3984340520624740,0.7231825158783740,0.7399640370592710,1.0,0.0683258752924884,0.0538982748917122,1680,1,1,1.0,0.000595238095238,1,0
657_YAHOO_id_107_WebService_tr_500_1st_1260.csv,0.0015335112712534,1.0,0.0221659741867043,0.0410945168558945,0.28962196049778,0.1433472034283490,0.0196171474421961,0.0197019306522339,0.804057744349161,1.0,0.5077401524698520,0.0011772294627653,0.1088448266442110,0.1628676615377880,0.0128306217711648,0.0055326237914042,0.0674833158852902,1.0,1.0,0.5941360682978080,0.1518860849199110,0.91112101110015,0.5489189580282530,0.332021446501031,0.6253769730474090,0.4554768795397170,0.4746371189901750,1.0,1.0,1.0,0.6783261339696970,0.7850396765900850,1440,1,1,1.0,0.0006944444444444,1,0
658_YAHOO_id_108_Synthetic_tr_500_1st_893.csv,0.0025827341541414,1.0,0.1213769532745110,1.0,0.3330463340130210,0.7406628638813380,1.0,1.0,0.5453928386921730,1.0,0.0018076352357365,0.007251100642512,0.5616442014473710,0.8004042442690860,0.7406628638813380,1.0,0.7261885642565900,1.0,1.0,0.5751755304579100,0.0381627022501828,0.007166766351422,0.0044426044097009,0.0083665546517949,0.798588021664034,0.4837515928904460,0.8253096955960380,1.0,1.0,1.0,0.6721706489748060,0.7741520077759100,1421,1,1,1.0,0.0007037297677691,1,0
672_YAHOO_id_122_WebService_tr_500_1st_857.csv,0.0431313816638969,0.0024656440944297,0.109260452119422,0.0059317279005827,0.0211330494358478,0.523090423852099,1.0,0.3118168614043580,0.0077435484457338,0.0294117647058823,0.0012871582334724,0.048322662976225,0.371542807153733,0.0139838815575149,0.3225957806394430,1.0,0.0009681426273346,0.0039512979095041,0.003697744135767,0.0061754913731509,0.00638864136712,0.0032129717098269,0.00201902740824,0.0151704461371479,0.0081135738970855,0.0020011191197334,0.0024927225404659,0.0714285714285714,1.0,1.0,0.0020140027966953,0.0020354457973768,1680,1,1,1.0,0.000595238095238,1,0
680_YAHOO_id_130_Synthetic_tr_500_1st_893.csv,0.0596601259837475,1.0,0.3081102197282060,1.0,0.4298561077633530,0.7152376331680360,0.8277447831680850,0.0062499999999999,0.2698952363099020,1.0,0.0020490994868925,0.0032840981699224,0.3589731836094890,0.5472926908479910,0.1125161791945570,1.0,0.2983795318509400,1.0,1.0,0.5751138702217600,0.3154385815962610,0.015861721178294,0.0045611971995516,0.2454914279461600,0.5397642355504550,0.0602160301331891,0.3196161053783510,1.0,1.0,1.0,0.0740107033809241,0.149703576861655,1421,1,1,1.0,0.0007037297677691,1,0
689_YAHOO_id_139_WebService_tr_500_1st_1073.csv,0.0238984367644494,0.0714285714285714,0.0352171644729499,0.0714285714285714,0.4015279392811090,0.3085845438243640,1.0,1.0,0.0069801997452794,1.0,0.0010566984936848,0.0059561511769623,0.037037037037037,0.0115494944216687,0.037037037037037,0.0663787758021405,0.0008938916150829,0.0714285714285714,0.1428571428571430,0.0517446948118789,0.00638864136712,0.0035058948618592,0.0035036141003972,0.0022266525855625,0.0141948394079612,0.0162159246388296,0.0069978907393634,1.0,1.0,1.0,0.1062747322486330,0.113781983437369,1680,1,1,1.0,0.000595238095238,1,0
693_YAHOO_id_143_WebService_tr_500_1st_1003.csv,0.0246372480812082,0.375,0.0724538052291213,0.5,0.2977262957901680,0.4646154104959400,0.5180868640296860,0.4760888045891650,0.3934953231397170,0.5,0.2719419647627620,0.0047821391325589,0.1014288447646270,0.050513496977153,0.0698077504579374,0.4544892448434750,0.0324442056153627,0.5,0.3090932549098990,0.1419733769373370,0.0150426313899953,0.4315545844253700,0.2143322923699310,0.0115529460155488,0.0618394060992039,0.0128667003665689,0.0182707089024795,0.5945476276724850,0.5,0.607595612992985,0.175137207036314,0.2413374286955380,1427,2,2,1.0,0.0014015416958654,1,0
701_YAHOO_id_151_Synthetic_tr_500_1st_893.csv,0.1385801605733060,1.0,0.759900245495907,1.0,0.1964117348757190,0.7848144713080590,0.0026728941774249,0.0023373270457421,0.0271788840289166,1.0,0.0014738083270527,0.0450826629224192,0.4541535123422750,0.7291533027180320,0.6688264465714490,1.0,0.0758094625894268,1.0,1.0,0.5956921953552540,0.01809796722664,0.0093926424183596,0.0041479585247418,0.4073844257761540,0.4712529436010230,0.4331442518304060,0.5238629961282930,1.0,1.0,1.0,0.0492774823634606,0.0629619490253683,1421,1,1,1.0,0.0007037297677691,1,0
723_YAHOO_id_173_WebService_tr_500_1st_1214.csv,0.0034425624968083,0.6868864670348200,0.00613820151124,0.6868864670348200,0.4926096819655340,0.0362077124520267,0.0019748549227081,0.0068939346099246,0.9398832516055020,0.6868864670348200,0.6841165978229220,0.0017437020715239,0.0042686026635761,0.0062641540323326,0.0068045318683369,0.0071369090261795,0.0453206773791943,0.6868864670348200,0.6868864670348200,0.4319211374672720,0.0179437643722742,0.9547599354168960,0.0017043454239819,0.2367908574766910,0.3471337342493950,0.2369441234440970,0.2127615558190860,0.3333333333333340,0.7656008479138990,0.7656008479138990,0.6204323146878840,0.5550000797955330,1420,2,2,1.0,0.0014084507042253,1,0
724_YAHOO_id_174_WebService_tr_500_1st_1030.csv,0.0254787253041385,0.2430654422043460,0.1910882736127450,0.2449469308397300,0.2441978765191580,0.4286348831760060,0.507636135432985,0.3543562494626490,0.1640950253529550,0.2524194689740220,0.3179996899925780,0.0204345008645288,0.0310947834684785,0.2105370644257990,0.2570324268739230,0.2193601398603980,0.0159040859783893,0.2596778563754070,0.2524580514075360,0.1378021352331890,0.0319432068356001,0.152981088271099,0.192982252851887,0.0408199656271491,0.0301551836471917,0.0803446460534684,0.0280275223691336,0.5914245146902920,0.7257142857142860,0.8437620439694470,0.1055343871368960,0.1164823456123920,1680,5,5,1.0,0.0029761904761904,1,0
734_YAHOO_id_184_WebService_tr_500_1st_768.csv,0.2401092616874710,0.9528129784911250,0.1224853289225510,0.391273205389326,0.8954726375205480,0.1042174894517750,0.1192404002745580,0.1212846698077680,0.9588454628947870,0.8356248958431340,0.9871694834428840,0.2304154269161770,0.1339032048673430,0.1025241165583540,0.1286346433431980,0.1388015326572410,0.4024913246902950,0.8144121013322510,0.9781806301671340,0.9497954779870150,0.1741552418061470,0.9954075220651080,0.9068175997412960,0.2492683954041320,0.6296502913819740,0.5396560471111850,0.5423665127625660,0.7707087587969220,0.6886523336384450,0.7030741587131870,0.7850021584370550,0.7661080872353840,1424,227,3,75.66666666666670,0.1594101123595510,0,1
741_YAHOO_id_191_WebService_tr_500_1st_1114.csv,0.0515665220515106,0.0051343841893298,0.2451849014761610,0.0076768034729082,0.3585598026695190,0.5823258254083500,0.8208586568973780,0.7832387613609940,0.0666726660582678,0.2857142857142860,0.0066495207158385,0.086858754653943,0.1344798348798580,0.1679391534859170,0.1836301110904720,0.8818222759859510,0.0251296870597493,0.357142857142857,0.008758599434911,0.010658149779909,0.0153359492833189,0.0083290619918254,0.012796912240428,0.005686996855043,0.0123578522905118,0.0167870914961874,0.0199424480841156,0.5453265380049870,0.6487353365594030,0.5987590418022410,0.0461507831603177,0.02515854766245,1680,2,2,1.0,0.0011904761904761,1,0
755_YAHOO_id_205_Synthetic_tr_500_1st_893.csv,0.0018268772222692,0.1666666666666670,0.6719928922426920,1.0,0.3330463340130210,0.0053014796896142,0.0015503956994225,0.0040218817029755,0.01345069728221,1.0,0.001563927474749,0.0014553001767812,0.004474604901989,0.0185708159996586,0.0045795889819514,0.0290787357932883,0.2733281614523050,1.0,1.0,0.5751295452445090,0.0710627630502901,0.0133844381024959,0.005525185981224,0.4193928028534820,0.7231163512728450,0.5259641481168010,0.6550465227727730,1.0,1.0,1.0,0.7803172281051180,0.673641040605084,1421,1,1,1.0,0.0007037297677691,1,0
762_YAHOO_id_212_WebService_tr_500_1st_1055.csv,0.056147282466143,0.0042198942546321,0.0598066781990878,0.0097478009039659,0.0134595240515813,0.3619906954867620,0.8818222759859510,0.6641310911143290,0.0191680799726221,0.0414177077675176,0.0056515201468848,0.0199565754228484,0.084943080281102,0.0331155501976025,0.0661938648360922,0.0686293514066229,0.1669386736692530,0.0046878398491602,0.0066201863458979,0.0066229729577206,0.01277728273424,0.0070997732605693,0.006995064288985,0.008919140584622,0.0047816934199069,0.0054405832259842,0.0053520621497763,0.0257373050657505,0.5565105254225590,0.5987590418022410,0.006034329435736,0.0056603623825729,1680,2,2,1.0,0.0011904761904761,1,0
780_YAHOO_id_230_Synthetic_tr_500_1st_893.csv,0.3819658984812340,0.1666666666666670,0.6632633222653470,0.1666666666666670,0.120186846697016,0.8290850204870790,1.0,0.0014943422636566,0.0059953186760298,0.2106145973830480,0.0030579976753184,0.3505194730419980,0.359084959737617,0.7227142212410120,0.8561165392379270,1.0,0.0134232394966406,0.1666666666666670,0.2106145973830480,0.1491680118924780,0.0691378557959548,0.010031491879589,0.0045619328591142,0.1978911199481480,0.482096278347375,0.0848263791711962,0.4371944734176740,1.0,1.0,1.0,0.0216537996901286,0.0236370316771139,1421,1,1,1.0,0.0007037297677691,1,0
788_YAHOO_id_238_WebService_tr_500_1st_973.csv,0.0103075331792373,0.0056497175141242,0.0891537527394411,0.008695652173913,0.0294944920739955,0.6371516780764440,1.0,1.0,0.001104774799388,0.1428571428571430,0.0010601970269074,0.0044927388535489,0.0108695000683027,0.6978728112022780,0.146516555515507,0.0116432276246679,0.005895741283885,0.0019011406844106,0.0019538351258941,0.0019447193244458,0.00638864136712,0.0015954182890532,0.000980207540798,0.0110064437682355,0.0104622854207876,0.0060583184636636,0.0035657400567145,1.0,1.0,1.0,0.0017674180157665,0.0016725655558571,1680,1,1,1.0,0.000595238095238,1,0
797_YAHOO_id_247_Synthetic_tr_500_1st_893.csv,0.1366897092243830,0.0558721500985775,0.5904415857696200,0.0572218901194983,0.1038417894991690,0.6424514186720080,0.0115520101901747,0.0014691003376593,0.0051841598514115,0.0758496403900929,0.0018720863651086,0.1892138286710000,0.1159723686538530,0.2170239539039140,0.4507912153074890,0.6395461391931480,0.0081997360514795,0.0552785629616361,0.1014608106794970,0.0816510077531744,0.0428830076255065,0.0198475529822445,0.0069950847059466,0.0564731855575309,0.0525832335969128,0.0290389148704586,0.0418415107600327,0.1121977481399140,0.1811579433872310,0.22566639620041,0.0091948565322088,0.0129748884940922,1421,1,1,1.0,0.0007037297677691,1,0
806_YAHOO_id_256_Synthetic_tr_500_1st_893.csv,0.0279932371344041,0.0217241293284373,0.0744333736159774,0.0180035776696007,0.0614080153947647,0.4966120887141170,0.0027495637939732,0.0037411274700835,0.0262451722294469,0.0178437314433903,0.0035927507439445,0.0047312958991948,0.1527226954126630,0.1538675101234540,0.2713941010706100,0.6347471900022750,0.0156819213460413,0.0224855525764182,0.0197849101637449,0.0180712265888013,0.025220300971028,0.0163869499428836,0.0078503450916495,0.0131082337024234,0.5657866682708990,0.1536193136997060,0.1008938529542310,0.6848516464887980,1.0,1.0,0.0631980139203932,0.0316696862013394,1421,1,1,1.0,0.0007037297677691,1,0
807_YAHOO_id_257_WebService_tr_500_1st_1210.csv,0.360573877607854,0.7229580969420080,0.4932713893847660,0.5612328109562880,0.4156389280799850,0.1669944857735720,0.2331816912863910,0.2649988647802130,0.4707258481471960,0.4279785421283990,0.5042278012060620,0.3735991842772400,0.400293842729725,0.2427305907586410,0.3900718035582780,0.4519882932286860,0.3051521663469020,0.5841622863329530,0.7210798027039080,0.4364305755721310,0.0323981890946397,0.7360318531918500,0.3222360845427710,0.1971681002737080,0.233292009578845,0.1252315405156650,0.241472184952075,0.5950171641714690,0.5611662698236020,0.4929656105487160,0.4210664083378290,0.3911461832826160,1424,17,3,5.666666666666670,0.011938202247191,0,1
810_Exathlon_id_1_Facility_tr_10766_1st_12590.csv,0.9108720757625060,0.4407914754998060,0.1983656024041420,0.1618932514015600,0.1177288356340370,0.8815410546732240,0.9649717379434340,0.5144444602060130,0.3085405771496800,0.9089577535070410,0.966183084063352,0.9529951403660140,0.83966141098017,0.7404257596714730,0.8936632814607470,0.9095502319288490,0.9722673699057440,0.2865775340504000,0.5540240848006920,0.5530934230197730,0.1276119907367840,0.9683008193990650,0.9958298803352530,0.1785687249488440,0.2187730226687580,0.1364881611660020,0.1785953242245190,0.162085923259996,0.1838504366489780,0.2288335340251580,0.0964395386539032,0.4628042539703570,43066,5437,3,1812.3333333333300,0.1262480843356710,0,1
811_Exathlon_id_2_Facility_tr_10766_1st_12590.csv,0.867204725728757,0.7878774826269490,0.1373180502975550,0.1786440185015750,0.9856886445952810,0.7305457669059210,0.6105060212356400,0.2698595495022420,0.9788658368505960,0.9574850393124790,0.9809375963796740,0.8049701176791680,0.3544781860380970,0.5113342100659290,0.7660188407297180,0.8103538390401980,0.7987277449338290,0.9274100619062960,0.8701546125070160,0.8347203866247620,0.1273992561016830,0.9793358837008530,0.9962289281928080,0.6393492954708080,0.6729034518155460,0.7050685638062250,0.9061163363985150,0.7457014495980500,0.4137790087722940,0.6920162534586960,0.9900759383938150,0.9898230632294420,43066,5437,3,1812.3333333333300,0.1262480843356710,0,1
812_Exathlon_id_3_Facility_tr_10766_1st_12590.csv,0.8765803339359820,0.5558587542827240,0.2360149427582630,0.2278486567617610,0.9988678425769830,0.7713291816142320,0.0984592322258317,0.4895866866638680,0.9920310658711690,0.7879612150787240,0.9997489698207880,0.8744528268801380,0.2705116982417460,0.1750347609879730,0.3799673336765340,0.40212244954522,0.926332548063506,0.7813195533734400,0.5774450001198780,0.5550382327645080,0.1317780813292100,0.8176496083405980,0.9994186619737110,0.6864182478248050,0.7791848407097530,0.8440208465296120,0.8687263084915320,0.7839564365317150,0.6654805854011050,0.841590571798161,0.9981192615441400,0.9980902088482510,43066,5437,3,1812.3333333333300,0.1262480843356710,0,1
814_Exathlon_id_5_Facility_tr_10766_1st_12590.csv,0.867204725728757,0.7878774826269490,0.1373180502975550,0.1786440185015750,0.9856886445952810,0.7305457669059210,0.5245831491367470,0.1110946156618070,0.9788658368505960,0.9574850393124790,0.9809375963796740,0.8049701176791680,0.3544781860380970,0.5113342100659290,0.7660188407297180,0.8299932072356470,0.8003316969188800,0.8028383245917850,0.9265708318753920,0.8348921106604800,0.1273802001201360,0.9793169761878070,0.9962928975508960,0.6664442691169550,0.5851953158528730,0.6850831764304830,0.7923073056486680,0.7465282057942160,0.4137790087722940,0.6920162534586960,0.9900388050264780,0.9896904041744020,43066,5437,3,1812.3333333333300,0.1262480843356710,0,1
815_Exathlon_id_6_Facility_tr_10766_1st_12590.csv,0.8765803339359820,0.5558587542827240,0.2360149427582630,0.2278486567617610,0.9988678425769830,0.7713291816142320,0.8482337645077200,0.5800085533166680,0.9920310658711690,0.7879612150787240,0.9997489698207880,0.8744528268801380,0.2705116982417460,0.1750347609879730,0.3799673336765340,0.41052910509608,0.92564822943869,0.7284479499235260,0.5788531080185570,0.6946726202028590,0.143008597323912,0.8178190275574300,0.9994186294383590,0.6453111981606180,0.8663434203810730,0.8680083748652210,0.8645148510781740,0.7834012032132240,0.6654805854011050,0.841590571798161,0.9981523159175830,0.9980585546429220,43066,5437,3,1812.3333333333300,0.1262480843356710,0,1
816_Exathlon_id_7_Facility_tr_10766_1st_12590.csv,0.1216167240164430,0.6535071522367820,0.1669695016124610,0.1488317017437080,0.7028638329248750,0.1460694823803770,0.1180306892850970,0.131134421567095,0.4261440738816700,0.7110380888558410,0.913978605729142,0.1154031423840700,0.1552646953476590,0.1286756607956410,0.124206746724039,0.1490523188846610,0.1962414146412620,0.655124914756584,0.8292598680169740,0.821410195166671,0.1278952366041220,0.8868455764670010,0.9088011284933420,0.2143900478896390,0.5456729116375650,0.5267724074433420,0.5910378395586410,0.5572084849594710,0.5180761710187020,0.5545094382188660,0.8906003917093690,0.8922311103207170,43066,5437,3,1812.3333333333300,0.1262480843356710,0,1
817_Exathlon_id_8_Facility_tr_10766_1st_12590.csv,0.4791116429482410,0.4789533190538220,0.437825448492582,0.1307835912195380,0.4217788131290680,0.6102783625833280,0.3993215744631750,0.3555209214993340,0.3203283574752640,0.4448643373134460,0.6459802200366530,0.3503361382242940,0.4557150350261810,0.2843697341539200,0.558873709788834,0.4701172021948740,0.1959801567000530,0.4731746701195570,0.4928592761591030,0.6908182057047730,0.1826737419806880,0.683534437480241,0.874370074858941,0.4640781134973930,0.3010786192549440,0.2581586380760590,0.23127788923644,0.2613176753982610,0.2616187612192850,0.2706051682827860,0.433867267781944,0.4505683681585120,43066,5437,3,1812.3333333333300,0.1262480843356710,0,1
818_Exathlon_id_9_Facility_tr_11665_1st_13484.csv,0.543049648411788,0.9842351717303320,0.1570368772888610,0.1590613610831930,0.7942109665803610,0.1542221814423490,0.0368049617059882,0.0419999005790611,0.6984429038882870,0.8724676713334750,0.9996498017571090,0.7437701067390950,0.0637903633009505,0.0919470129487344,0.2928881824975030,0.1506996096943530,0.1262093079452790,0.8993418382618160,0.9814719667278230,0.9807873230185950,0.0676113138162231,0.9824797169110240,0.99970379614177,0.3940789417967620,0.8352116288687180,0.8563377384508900,0.8292427196323170,0.8846698942397030,0.5577924904307490,0.8158709883072880,0.9909636612677060,0.9933772994204110,46660,2928,3,976.0,0.0627518216888126,0,1
819_Exathlon_id_10_Facility_tr_10766_1st_12590.csv,0.3290140462692600,0.7485555281072770,0.1767722568662760,0.2652640877920950,0.9240194071387130,0.3545650616136230,0.6613495979889240,0.426575674995919,0.8981788594621820,0.8831332024374860,0.9995980728122250,0.1816678122431040,0.4387554966892130,0.5479564335455630,0.3049331770974180,0.2111190461694970,0.1424080441486050,0.9406211020654000,0.9608825439884710,0.959219151273479,0.1380415738080030,0.9773570514998690,0.9988321649522930,0.808045662638918,0.5551803208615200,0.6913402497582400,0.7333051038404090,0.7531076385510860,0.6573899194958730,0.7020055854964160,0.9673607027597010,0.969465595190079,43066,5437,3,1812.3333333333300,0.1262480843356710,0,1
820_Exathlon_id_11_Facility_tr_11665_1st_13484.csv,0.1784831478993010,0.7746006928650710,0.1424328440744860,0.2841242436356850,0.8030991473332480,0.6335307864965730,0.1581431196171770,0.1379292187172980,0.5784456650880880,0.7009907312128520,0.8841203404186410,0.0842970696549991,0.1513134090196850,0.1333373053757090,0.5090937346550220,0.5148214445549930,0.0416523642536076,0.5645090184814870,0.8227836515541080,0.8282358391830360,0.0656752058210108,0.8673368391494440,0.8904100308033480,0.429717278060969,0.5381765998192950,0.590699619684473,0.5210380865269930,0.4230707184854020,0.4727769483568630,0.5224611531114250,0.9054787344972180,0.9233792977395600,46660,2928,3,976.0,0.0627518216888126,0,1
821_Exathlon_id_12_Facility_tr_6985_1st_7085.csv,0.1228128563259080,0.8406719111565380,0.3606300700829010,0.1356255763686310,0.419002659514058,0.1519881078805480,0.0729612160016628,0.077877219664029,0.1749305379553740,0.3478269464402660,0.9560666373598760,0.1250492848831630,0.2701054745057300,0.0561248836123065,0.0565740774965948,0.0569645629647684,0.0664672127646505,0.3667966965847100,0.9484089864677400,0.9480989988409310,0.2279182649270400,0.9508996999889190,0.9875835107071930,0.1266396767356620,0.3124455913571080,0.3077312368239060,0.1813695098214950,0.2867370579413810,0.1446252230420210,0.1242091791156840,0.6418948457324060,0.6117737188805110,46649,4856,5,971.2,0.1040965508371030,0,1
822_Exathlon_id_13_Facility_tr_10766_1st_12590.csv,0.4791116429482410,0.4789533190538220,0.437825448492582,0.1307835912195380,0.4217788131290680,0.6102783625833280,0.3190733587079320,0.2433621377879720,0.3203283574752640,0.4448643373134460,0.6459802200366530,0.3503361382242940,0.4557150350261810,0.2843697341539200,0.558873709788834,0.4705410374225600,0.1947743195239620,0.4812867191407390,0.4927105602164270,0.4921910948924330,0.1930235674329440,0.6812914243762140,0.8772755263948760,0.4858906560705440,0.2523090401453360,0.1967998859713910,0.3297967068865770,0.2574720926852000,0.2616187612192850,0.2706051682827860,0.4344567811125880,0.4505046066989790,43066,5437,3,1812.3333333333300,0.1262480843356710,0,1
823_Exathlon_id_14_Facility_tr_10766_1st_12590.csv,0.5859771250548850,0.7797696085710360,0.2449352162400040,0.4088189482590910,0.6745544554450600,0.704700145863814,0.088628566792776,0.2192288280780480,0.2887248135221560,0.9885957516896220,0.9999141390317830,0.7625019753079760,0.1285270049186190,0.2739236896666620,0.4594065662972030,0.2308289238949810,0.802987115749338,0.8749360299896480,0.9962567786900310,0.995752294195926,0.18566007999098,0.9968226637926310,0.9999142103620430,0.4023343226867870,0.7905823276625160,0.8854896387031870,0.8331071476286600,0.9045311950657350,0.7752267153335270,0.8620191369658530,0.9745280042772390,0.9857040481929020,43066,5437,3,1812.3333333333300,0.1262480843356710,0,1
824_Exathlon_id_15_Facility_tr_10766_1st_12590.csv,0.707515389320347,0.669580334029707,0.3020927649900920,0.1264652595132050,0.9654072684369010,0.8651540471020900,0.3485422324430990,0.1539879193104530,0.7328784611164760,0.7722374713501680,0.9801094811128390,0.6238981188219960,0.4041965441728240,0.2445798907081490,0.7060631937474300,0.3447094321859510,0.0828311082967267,0.6223227045986690,0.7915929594471000,0.5953776940613470,0.1878278224976480,0.9607112701279930,0.994807524576821,0.6970206707458080,0.4550625438898730,0.5385287305802710,0.5933143242850800,0.5789610795859210,0.4764933949320140,0.461153254050502,0.9811491965635460,0.9770077285149470,43066,5437,3,1812.3333333333300,0.1262480843356710,0,1
826_Exathlon_id_17_Facility_tr_11665_1st_13484.csv,0.1784831478993010,0.7746006928650710,0.1424328440744860,0.2841242436356850,0.8030991473332480,0.6335307864965730,0.1459282759213040,0.1630781627692380,0.5784456650880880,0.7009907312128520,0.8841203404186410,0.0842970696549991,0.1513134090196850,0.1333373053757090,0.5090937346550220,0.5124061764318700,0.0416604372509202,0.561080417135891,0.8227836515541080,0.8282358391830360,0.0627006460364318,0.8673368391494440,0.8904100308033480,0.7940846673192910,0.6213923062909260,0.5653337014904250,0.5464656975121800,0.424131643045528,0.4727769483568630,0.5224611531114250,0.9059868314250230,0.9235161823559150,46660,2928,3,976.0,0.0627518216888126,0,1
827_Exathlon_id_18_Facility_tr_10766_1st_12590.csv,0.707515389320347,0.669580334029707,0.3020927649900920,0.1264652595132050,0.9654072684369010,0.8651540471020900,0.4577186051123300,0.1108631979595020,0.7328784611164760,0.7722374713501680,0.9801094811128390,0.6238981188219960,0.4041965441728240,0.2445798907081490,0.7060631937474300,0.3587312840801950,0.08045524599489,0.6077995920902400,0.8077831326353280,0.7628024174547600,0.1357070209466750,0.9587872428218050,0.9948828872190400,0.6776111720852650,0.4997225931021870,0.5100537175977940,0.4088224560253400,0.5859558596861010,0.4764933949320140,0.461153254050502,0.9815431176540920,0.9772575478578470,43066,5437,3,1812.3333333333300,0.1262480843356710,0,1
828_Exathlon_id_19_Facility_tr_11663_1st_13482.csv,0.1402714870734350,0.6688204932923200,0.3923126499903040,0.2776469549735340,0.7566734360273870,0.6249783341475760,0.0858609208111649,0.2071403530348490,0.3173738323567140,0.6592565129703580,0.9319125508030190,0.0872214029187521,0.117448238033019,0.1942600375016120,0.7302836140057410,0.3854201688887,0.0358624360605009,0.473396879272511,0.8822470833343120,0.8870542594635100,0.0642186126684043,0.9257565944621260,0.922414841595404,0.1072439638682530,0.4001821921595980,0.3719368735264960,0.3397769550095470,0.3093267066166830,0.330993544867603,0.3680001707686050,0.8792270418037080,0.9062239396156260,46655,2948,3,982.6666666666670,0.063187225377773,0,1
829_Exathlon_id_20_Facility_tr_10766_1st_12590.csv,0.1216167240164430,0.6535071522367820,0.1669695016124610,0.1488317017437080,0.7028638329248750,0.1460694823803770,0.117438704225664,0.1251049014650110,0.4261440738816700,0.7110380888558410,0.913978605729142,0.1154031423840700,0.1552646953476590,0.1286756607956410,0.124206746724039,0.1481990042066710,0.1974482363547200,0.5509294676289890,0.8292599400844230,0.8214037407869340,0.1271508707624740,0.8868455764670010,0.9088011284933420,0.2351415964557130,0.5106541475666220,0.5044285871872900,0.5950513406910850,0.5545473092640330,0.5180761710187020,0.5545094382188660,0.8899898897014810,0.8918516083725580,43066,5437,3,1812.3333333333300,0.1262480843356710,0,1
830_Exathlon_id_21_Facility_tr_10766_1st_12590.csv,0.6426548772788800,0.6743176120366580,0.1756469802749540,0.2185103275970090,0.7764592005798450,0.9373294469682930,0.256558335551915,0.1815371324100790,0.6584961286765140,0.8948653624605120,0.9871328472732010,0.1875471576807210,0.2774910874289010,0.2472864124660420,0.643304540751774,0.6285989367364650,0.0688962636334882,0.5350637047708810,0.941990893786409,0.94215569830677,0.1284296907247240,0.9833252880195220,0.9886397810898270,0.2076368628044200,0.5068624805523630,0.5650248890963790,0.5789764190070650,0.4368956436116330,0.4792955775551260,0.5052806014224950,0.9397467405185720,0.9617380757700320,43066,5437,3,1812.3333333333300,0.1262480843356710,0,1
831_Exathlon_id_22_Facility_tr_11665_1st_13484.csv,0.1784831478993010,0.7746006928650710,0.1424328440744860,0.2841242436356850,0.8030991473332480,0.6335307864965730,0.2136720691739170,0.2384232456975,0.5784456650880880,0.7009907312128520,0.8841203404186410,0.0842970696549991,0.1513134090196850,0.1333373053757090,0.5090937346550220,0.5002449913034440,0.041656602163856,0.5644817614163050,0.8227836515541080,0.8282358391830360,0.0642975091438917,0.8673368391494440,0.8904100308033480,0.7111662043399830,0.5598921937219760,0.585708047502634,0.4935856152543410,0.4234339246397470,0.4727769483568630,0.5224611531114250,0.9049397951129440,0.9253758304298280,46660,2928,3,976.0,0.0627518216888126,0,1
832_Exathlon_id_23_Facility_tr_10766_1st_12590.csv,0.1216167240164430,0.6535071522367820,0.1669695016124610,0.1488317017437080,0.7028638329248750,0.1460694823803770,0.1167191472713080,0.1173889815729660,0.4261440738816700,0.7110380888558410,0.913978605729142,0.1154031423840700,0.1552646953476590,0.1286756607956410,0.124206746724039,0.1499166500199580,0.1991194073145020,0.632231642115663,0.8292598600133050,0.821410195166671,0.1273517888660430,0.8868455764670010,0.9088011284933420,0.3440356689482490,0.568602534130835,0.5365328702563210,0.5581028733655330,0.5544390949332630,0.5180761710187020,0.5545094382188660,0.8898267110857570,0.8907753067321770,43066,5437,3,1812.3333333333300,0.1262480843356710,0,1
833_Exathlon_id_24_Facility_tr_10766_1st_12590.csv,0.8765803339359820,0.5558587542827240,0.2360149427582630,0.2278486567617610,0.9988678425769830,0.7713291816142320,0.6014211744852780,0.3763145120971500,0.9920310658711690,0.7879612150787240,0.9997489698207880,0.8744528268801380,0.2705116982417460,0.1750347609879730,0.3799673336765340,0.4052968942814340,0.924135422295312,0.7550408489942250,0.5836307404188540,0.5716004388285180,0.1409721170508810,0.8175747122110510,0.9994188767334780,0.6519915321434830,0.86803386593274,0.8570168471841390,0.8790538452970990,0.7847121223809980,0.6654805854011050,0.841590571798161,0.998111767721402,0.9980529207477440,43066,5437,3,1812.3333333333300,0.1262480843356710,0,1
834_Exathlon_id_25_Facility_tr_11665_1st_13484.csv,0.1784831478993010,0.7746006928650710,0.1424328440744860,0.2841242436356850,0.8030991473332480,0.6335307864965730,0.1706872408458590,0.2916583155016150,0.5784456650880880,0.7009907312128520,0.8841203404186410,0.0842970696549991,0.1513134090196850,0.1333373053757090,0.5090937346550220,0.5054562728189880,0.0416648840690377,0.5668235744570270,0.8227836515541080,0.8282358391830360,0.0653644201474731,0.8673368391494440,0.8904100308033480,0.1971506561850690,0.5125314292460010,0.5896825320747990,0.5581089921168760,0.4244674680623150,0.4727769483568630,0.5224611531114250,0.9065755731569210,0.9242338139721610,46660,2928,3,976.0,0.0627518216888126,0,1
835_Exathlon_id_26_Facility_tr_10766_1st_12590.csv,0.5787814281826110,0.4797036575591640,0.7511496101884880,0.169037972516045,0.2447592556151210,0.7840336658643660,0.6922935834927500,0.6421198894948810,0.3493566496358350,0.6353025398494840,0.9288599365222700,0.6232669134658890,0.7939666934078570,0.2364613863153880,0.8370988830735750,0.9209504251669210,0.5809671937579370,0.1541415322338910,0.0688198215632257,0.0688244746379515,0.1300839891635340,0.0680866735980285,0.0681153346122178,0.170384613816807,0.226401603121623,0.1831803172654280,0.2310063217977210,0.1815078164331320,0.215682830227587,0.1760402482398960,0.3049489278155880,0.3692939578248590,43066,5437,3,1812.3333333333300,0.1262480843356710,0,1
836_Exathlon_id_27_Facility_tr_10766_1st_12590.csv,0.8765803339359820,0.5558587542827240,0.2360149427582630,0.2278486567617610,0.9988678425769830,0.7713291816142320,0.855141944125312,0.3725826236971660,0.9920310658711690,0.7879612150787240,0.9997489698207880,0.8744528268801380,0.2705116982417460,0.1750347609879730,0.3799673336765340,0.4014149373831880,0.9249627081322030,0.7385399570247700,0.5997205337095160,0.5564892796971630,0.1374799580368250,0.8173426047133430,0.99941853204422,0.6719454110787920,0.9184796367432600,0.8629872391701500,0.8225049936289030,0.7849760725894670,0.6654805854011050,0.841590571798161,0.998123843805898,0.9980231832168580,43066,5437,3,1812.3333333333300,0.1262480843356710,0,1
837_Exathlon_id_28_Facility_tr_8898_1st_8998.csv,0.1013920912953490,0.5728525687431000,0.0967896045776734,0.0922566007735637,0.6015657671145510,0.0473733949631405,0.0474907664902627,0.1323055388155310,0.3975111254218520,0.5196534152748550,0.9996720028794100,0.1158843060512770,0.1004436620779970,0.0779827097685141,0.0575978310832638,0.0495702448301522,0.6892497094375800,0.1039995212998130,0.0498934263060519,0.0499416435746071,0.0941889155790663,0.0496603811638337,0.0485104416344554,0.0994440055931672,0.0727920573150937,0.0853293099898267,0.0599632250067617,0.0848059439257028,0.0534918760164115,0.0587843774617527,0.1528308278364800,0.1648489212004850,46650,3891,4,972.75,0.0834083601286173,0,1
838_Exathlon_id_29_Facility_tr_10766_1st_12590.csv,0.4791116429482410,0.4789533190538220,0.437825448492582,0.1307835912195380,0.4217788131290680,0.6102783625833280,0.3834418323142240,0.355930213829892,0.3203283574752640,0.4448643373134460,0.6459802200366530,0.3503361382242940,0.4557150350261810,0.2843697341539200,0.558873709788834,0.4702909864773040,0.1982612173383240,0.4843903377271040,0.491742324768415,0.43514581695707,0.2529171192469520,0.6849118102049300,0.8772769511802180,0.4423237168569620,0.2434700330531300,0.2104098807574420,0.2119148159351420,0.2609206216160800,0.2616187612192850,0.2706051682827860,0.4349709329760640,0.4506440197811740,43066,5437,3,1812.3333333333300,0.1262480843356710,0,1
839_Exathlon_id_30_Facility_tr_10766_1st_12590.csv,0.1216167240164430,0.6535071522367820,0.1669695016124610,0.1488317017437080,0.7028638329248750,0.1460694823803770,0.1188350637995930,0.1251049014650110,0.4261440738816700,0.7110380888558410,0.913978605729142,0.1154031423840700,0.1552646953476590,0.1286756607956410,0.124206746724039,0.14594266340306,0.1983770011944360,0.6182795734405500,0.8292598428892140,0.8214103123885880,0.132015185082851,0.8868455764670010,0.9088011284933420,0.2137164286459510,0.5464007795900520,0.526546925529319,0.5543399374993260,0.5567564533096940,0.5180761710187020,0.5545094382188660,0.8891404288061550,0.8914569851508060,43066,5437,3,1812.3333333333300,0.1262480843356710,0,1
840_Exathlon_id_31_Facility_tr_10766_1st_12590.csv,0.707515389320347,0.669580334029707,0.3020927649900920,0.1264652595132050,0.9654072684369010,0.8651540471020900,0.259058954095267,0.1414457451460750,0.7328784611164760,0.7722374713501680,0.9801094811128390,0.6238981188219960,0.4041965441728240,0.2445798907081490,0.7060631937474300,0.4034896795918460,0.0812233349225688,0.6166434660597800,0.8324380680183080,0.6925003078878390,0.1718519902705730,0.9597766363825560,0.9931424066766020,0.8416276463511280,0.4985370901660060,0.519485579569118,0.4612360460824960,0.5839839196315670,0.4764933949320140,0.461153254050502,0.9811839633597170,0.9769041203617030,43066,5437,3,1812.3333333333300,0.1262480843356710,0,1
841_Exathlon_id_32_Facility_tr_11663_1st_13482.csv,0.6444167126481710,0.8703457861794930,0.1388427970891850,0.2943051090275910,0.8119187675309300,0.1896838095503170,0.0346507299822739,0.0529054668985544,0.7494026960342570,0.8419921426000610,0.9986201088222420,0.8672589388521050,0.0891397881051654,0.0889903786451596,0.4467597995648720,0.2418578257007630,0.2083364069385060,0.7826020517483300,0.9650476789374690,0.963050910568858,0.1386877507386310,0.9669039543282020,0.998708191474183,0.1635308214936570,0.6124118082125740,0.8210159351791730,0.7331967779168950,0.8236955899261710,0.3661484104987630,0.7004659164185510,0.9579989373642170,0.9814624010905700,46655,2948,3,982.6666666666670,0.063187225377773,0,1
842_OPPORTUNITY_id_1_HumanActivity_tr_7295_1st_27516.csv,0.014225528233739,0.573048140070136,0.0090664406840018,0.0387210044092002,0.0088374832081123,0.0627679667978853,0.2523946347065470,0.1057340931482700,0.0104549762535765,0.0561024657150108,0.9839374809354480,0.0132089515167277,0.1318439052235370,0.0860414114836345,0.2745602923842890,0.5072272452184410,0.0117357228558901,0.3464838522519610,0.9127064104762130,0.9042597791334790,0.0116144307702356,0.945589134206704,0.9834737875786280,0.0215490852934801,0.0076002798248373,0.0107237978637731,0.0070820449012196,0.0073839363116479,0.0080967890627848,0.0071533167485343,0.0079364076416896,0.0079194466110392,29182,330,1,330.0,0.0113083407580015,0,1
843_OPPORTUNITY_id_2_HumanActivity_tr_808_1st_908.csv,0.1080260973971510,0.4584348410530080,0.1110443737733900,0.1799726050843640,0.1537567299621460,0.1080885072371040,0.344294551261926,0.1035490918228060,0.148859511944831,0.7782314134000770,0.9698232047641540,0.109911425624615,0.1043920122421700,0.100223214608385,0.1027720116600880,0.0991666609219287,0.4137398771818000,0.3474901688820660,0.1077860484737770,0.1100039278977290,0.1270710499392090,0.0682835753248342,0.1008613059995250,0.077781579682496,0.1331238206255470,0.1944461575224880,0.1134177980477480,0.1071677291569230,0.0994351309482261,0.1201630071175470,0.1064610809740190,0.1072140369845200,9057,1142,1,1142.0,0.1260903168819700,0,1
844_OPPORTUNITY_id_3_HumanActivity_tr_500_1st_566.csv,0.093775602129854,0.5498262774233850,0.05812132737421,0.2121576836350330,0.0730831277685819,0.0647290866580442,0.3061618794420380,0.3651769173947660,0.0913143186787299,0.447526939194313,0.989672437520157,0.1146434748425550,0.1754754161723050,0.3398900692346810,0.1118341070714920,0.2176803743493670,0.3694315122532840,0.0800987526326873,0.9710091773354750,0.9691156488132780,0.0830499298885112,0.9785591035146950,0.9954658523123610,0.1740629808341440,0.0537556263669966,0.0705493997497602,0.0477929484397812,0.0694982854133588,0.0945922130386658,0.0542247995567333,0.0511712350721879,0.0509423756883527,15653,967,2,483.5,0.0617772950872037,0,1
845_OPPORTUNITY_id_4_HumanActivity_tr_7295_1st_27516.csv,0.0153785439683483,0.7164120405964380,0.013263127238619,0.0349271138746304,0.0072234216254579,0.0466112678181591,0.0799951323596341,0.0486455642193883,0.0064388296058424,0.047971125191002,0.9034211848535020,0.0154126326000881,0.0597914927370228,0.2308940589292580,0.0833550527672775,0.0924324293532953,0.089601060209163,0.0520170745168315,0.7726427218713610,0.7481458150761960,0.0117616376546948,0.8735932860942280,0.9739349221065870,0.0310971883011608,0.010964211862312,0.027558352979768,0.0079654094748828,0.0066698343320551,0.0072012598930975,0.0068891452852056,0.0187093750915343,0.023829390181226,29182,330,1,330.0,0.0113083407580015,0,1
846_OPPORTUNITY_id_5_HumanActivity_tr_2085_1st_2185.csv,0.0379667490149225,0.450389030478535,0.0628289493965516,0.0950560459620436,0.0320735295165128,0.1625352408051860,0.3352147397178550,0.1949801465029820,0.0291290073020769,0.1966317852949540,0.9638030185637780,0.0304604230767571,0.1405416113378710,0.4005840283583500,0.2805753877538640,0.4242870842374180,0.0778198911275062,0.8036893644899140,0.507009977750108,0.4890259806783170,0.039909112650874,0.5329834992932970,0.9540164822650220,0.026860038870872,0.0237728478227429,0.0359408949418853,0.0232114113818479,0.023932333542476,0.0254083516166285,0.0239055895260208,0.0330217271976353,0.0329572311827114,22194,818,2,409.0,0.0368568081463458,0,1
847_OPPORTUNITY_id_6_HumanActivity_tr_808_1st_908.csv,0.146139339715357,0.2592738977681870,0.1274096902497450,0.1674156268301050,0.075795181881748,0.1901574616135240,0.3943302070190150,0.2000469117442870,0.0791449901778405,0.5794693236062890,0.943472506329662,0.1325147429874290,0.14867513268856,0.2441304275466220,0.3334751429600230,0.3380175947550020,0.1938685325785560,0.0749061131417964,0.067995042231129,0.0687420571501854,0.1280895074504040,0.0680110703357261,0.0680422117906552,0.1972155420810050,0.0732941933405777,0.0820857336728245,0.0761594148450085,0.0737608333457261,0.0738885928934803,0.074726566850009,0.073820803439991,0.0735507616471203,9057,1142,1,1142.0,0.1260903168819700,0,1
848_OPPORTUNITY_id_7_HumanActivity_tr_1477_1st_1577.csv,0.0228934172626858,0.4520921321030540,0.0191548356007996,0.0676245302103173,0.0494569863317288,0.0167536096413914,0.0187157457441062,0.0158127097647753,0.115125187512524,0.1750615485695570,0.7350305951887760,0.0236085888777523,0.0223057959296448,0.0126711464158819,0.0136731516959693,0.0134700836108828,0.023216334865179,0.1421671468307040,0.0127720863458001,0.0126129404001622,0.0234701554683229,0.0126820369540374,0.0129570953832733,0.6157800988787260,0.0301102626621713,0.0428986601949733,0.0315514158643232,0.0219982727860475,0.0227363165426415,0.0235595871981447,0.0772203087951377,0.0748779405068268,18011,396,2,198.0,0.021986563766587,0,1
849_OPPORTUNITY_id_8_HumanActivity_tr_1100_1st_1200.csv,0.032165656390188,0.8980948690640910,0.0251662506315983,0.0419834830661632,0.0735619823821727,0.063297375200143,0.0925505068963904,0.0736212916097185,0.0229392118690888,0.1290902396632030,0.9969112680194950,0.0313238904784482,0.0283257674293126,0.0902752654136951,0.1022685757555540,0.1489055428853420,0.0155993393962702,0.909129859452338,0.0135295930166949,0.0136748984318154,0.0848991096060102,0.0137234086363486,0.0141269751173723,0.947197030524638,0.0498817103768717,0.1529085818130210,0.0337242382956451,0.0279639492888045,0.0196039639531051,0.0198844853234406,0.1419459821434120,0.1427018555392270,24892,608,2,304.0,0.0244255182387915,0,1
850_OPPORTUNITY_id_9_HumanActivity_tr_895_1st_995.csv,0.0276485915706467,0.5819200079796950,0.0491992482414519,0.0842355857710325,0.0639186800277585,0.028488085884949,0.0212249248122047,0.0367252748933649,0.0414664121910624,0.1582127793681230,0.9440056080123010,0.0255970867227319,0.0290150906981141,0.0222039450201764,0.024686998326506,0.0219871803678009,0.0244357417928332,0.0341124526190367,0.8136383384231080,0.818974648270738,0.0349014114556887,0.8813202648342960,0.9971669091187840,0.0232041579331195,0.034276862799929,0.0412683767439977,0.0307463594372767,0.0396918024743599,0.0295512702556202,0.0296199368459333,0.0432481328912747,0.0429061513506056,14751,438,1,438.0,0.0296929021761236,0,1
851_OPPORTUNITY_id_10_HumanActivity_tr_6213_1st_7311.csv,0.0302603350497358,0.0204205630688385,0.2134375657234070,0.0433840673990089,0.0234507553374358,0.7167988767952950,0.7235508042054610,0.1521598956883430,0.0262538010127526,0.0242880200583975,0.0203121977350357,0.0270185722953201,0.5229799151752760,0.7486377006183310,0.7324648944038190,0.5635549374635020,0.0615585620823312,0.020540260043042,0.0203985233867496,0.0203698052609522,0.03617396224173,0.0196921806689311,0.0203492040164398,0.0236142745406852,0.020273945964871,0.0206735047534174,0.0207771950372372,0.0211013559663231,0.0227858758385206,0.0220100933393269,0.0201411562994384,0.0200772810234006,24852,872,1,872.0,0.0350877192982456,0,1
853_OPPORTUNITY_id_12_HumanActivity_tr_808_1st_908.csv,0.1452722397721840,0.2721593970752360,0.1653880188544800,0.330656246983449,0.0751990486281824,0.5524070352088190,0.6528393740479100,0.3577781459622480,0.0870670691393812,0.6304677246131870,0.997797379285436,0.1582179193224440,0.1437379318994390,0.9010018539878910,0.8308126042296280,0.891127550900645,0.1236918085090160,0.6963581031597670,0.9624195579412800,0.9476472358856160,0.1455205579238610,0.993884281941796,0.9988614966821200,0.2175643609105690,0.07127260603446,0.0832028235753593,0.0728093737404037,0.0766405110753467,0.0833737599760245,0.076919066593702,0.0727363336722516,0.072916571618813,9057,1142,1,1142.0,0.1260903168819700,0,1
854_OPPORTUNITY_id_13_HumanActivity_tr_1477_1st_1577.csv,0.0247994365687756,0.5791646042876330,0.0549096695460972,0.0451254673636816,0.0328918968045233,0.0977637820897004,0.0951024493902262,0.0763748290038454,0.0256919612859278,0.1476891936336320,0.9937723835642000,0.0212454691045335,0.0244514047381221,0.0725392712272434,0.1154052389246750,0.1437353733040190,0.0293334272685503,0.9828748683628480,0.9745152173482720,0.9641412097143500,0.0292474046906498,0.9860010810382500,0.9860729230274170,0.922579587052226,0.0348107969919629,0.0730196773039169,0.0251612974687605,0.0263847841873019,0.0273632047593282,0.0279280252447478,0.0405879940527944,0.0410848969191298,18011,396,2,198.0,0.021986563766587,0,1
855_OPPORTUNITY_id_14_HumanActivity_tr_808_1st_908.csv,0.1472783997428280,0.1721312462304590,0.4288686443199280,0.1934674695517320,0.0891685415641425,0.3965834678411340,0.2826169375024130,0.1754158813130900,0.107651505906995,0.326815819675119,0.5129668833490150,0.1349037047935720,0.2133582690647040,0.4087079881155770,0.1654933089794810,0.1403357221544690,0.148805312619463,0.1459053234259820,0.5457279455558240,0.5391505617342750,0.1321711445453810,0.5434764414177900,0.617325246367238,0.1369459346224930,0.0769812718189406,0.0808262296774835,0.0757525398130628,0.0842496216425581,0.084617500285969,0.078885664820904,0.0752498458973385,0.0752065029226595,9057,1142,1,1142.0,0.1260903168819700,0,1
856_OPPORTUNITY_id_15_HumanActivity_tr_808_1st_908.csv,0.1579310951231640,0.1971460584730530,0.2168487798175210,0.3103206056414470,0.0774973377762331,0.4241007850769950,0.5121681300595150,0.2434011647873440,0.1063484531986560,0.5637592992261180,0.977765970788394,0.1698318282926470,0.1282835257886410,0.3296738877846300,0.4785388477200460,0.366678211529527,0.2013644746203380,0.7641694420644040,0.7775398731775240,0.7752097014919950,0.1259288676670060,0.9043183604672640,0.9895374559442450,0.1287569327274060,0.0740288198527186,0.0739696642678988,0.074967353805505,0.0756498007307165,0.0776333450436284,0.0752830256883894,0.0714826047396326,0.0715022105532096,9057,1142,1,1142.0,0.1260903168819700,0,1
857_OPPORTUNITY_id_16_HumanActivity_tr_500_1st_566.csv,0.0510649048399093,0.5095481262859860,0.0897244415987318,0.1948742216797100,0.3992779396041290,0.3878877221703110,0.2854066605735580,0.2907532528213340,0.2559779406466750,0.2353902651841180,0.9388404830102270,0.0577046402996794,0.1101072549539520,0.3092493309352840,0.3892423145423420,0.1404298983837100,0.0655933009016191,0.6449507483765970,0.6942438204123310,0.6873363257254740,0.0700843870557273,0.6709720535624560,0.7432506106171620,0.0472759145666714,0.0535563798963411,0.1253333253665630,0.0523082223406305,0.070975326943026,0.0484667029488533,0.0512981211231072,0.1315998393742700,0.129408604185866,15653,967,2,483.5,0.0617772950872037,0,1
858_OPPORTUNITY_id_17_HumanActivity_tr_808_1st_908.csv,0.1405587903566760,0.3356498377089330,0.514740215627142,0.2618827567312060,0.0873468558836254,0.7719880626134070,0.8718929907537610,0.3757055126480860,0.0881406411066604,0.6273714575688520,0.9954561009211780,0.1218330395854780,0.132848298221347,0.836644416228581,0.7825872736685290,0.8037655128663320,0.1020158550363770,0.9984870955180100,0.6568049046901070,0.6229866627227720,0.1469665514297040,0.6312248727445510,0.8656653969922390,0.0744394350806605,0.0895474343405992,0.0788092863003157,0.0725807126163892,0.0720775024427089,0.0840881779728299,0.0714825215754356,0.0904117544669263,0.0904042847451791,9057,1142,1,1142.0,0.1260903168819700,0,1
859_OPPORTUNITY_id_18_HumanActivity_tr_895_1st_995.csv,0.0324894993660879,0.5054736396830990,0.0429780029280836,0.0838678275620894,0.0276947748331634,0.0464791511863311,0.0459591886799772,0.0378674988743084,0.0265570063179904,0.1893000783397050,0.9353296156830120,0.0319694977060169,0.0357108785971708,0.0527812853021653,0.0730275724906167,0.1251572191701930,0.0385461577794189,0.0649606211413943,0.0169460771279008,0.0168717979953252,0.030252153865517,0.0168849937738833,0.0168988954172865,0.2312681058909860,0.0323219559586036,0.0221129231468945,0.0223159259593616,0.0212275026022466,0.0230334005477363,0.0233499307880895,0.0477549840261632,0.0474613501419225,14751,438,1,438.0,0.0296929021761236,0,1
860_OPPORTUNITY_id_19_HumanActivity_tr_808_1st_908.csv,0.1855263809332360,0.3803628145676450,0.1281198637827480,0.2109257393040500,0.0779156666318349,0.5827559844603730,0.7009742206712250,0.2846287763082260,0.0798560994039986,0.685564165617265,0.9978046535918470,0.172214161501287,0.2347186556984130,0.3553074149688800,0.6463985842750420,0.6789552305737540,0.1225434451274360,0.9749760859808030,0.975217503755782,0.9806824255520680,0.1400890110114290,0.9823884950610380,0.9995800386928290,0.0739052072423064,0.0740084234525358,0.081252065627871,0.0757712632417533,0.0789372093311157,0.0862960658403172,0.0819395884275392,0.0711960422811597,0.0710654054536395,9057,1142,1,1142.0,0.1260903168819700,0,1
861_OPPORTUNITY_id_20_HumanActivity_tr_2085_1st_2185.csv,0.0456297536706012,0.6313775611812970,0.0411454485115498,0.0615656133784293,0.0419203964735332,0.0742043632768906,0.0974903556674187,0.0714308906541275,0.0285524060545039,0.1192019342919650,0.9831636243317630,0.0490883686011341,0.0695440791139736,0.0890891802903218,0.1048919989113560,0.1611692425819270,0.0447296724417197,0.0420152897682471,0.0206956988661805,0.0206951239178456,0.0377643867082903,0.0207159821878589,0.0206688449781874,0.2951976103662450,0.035794201588169,0.051312922932717,0.0258549552194993,0.0267950818521495,0.029032277535184,0.0310618979346342,0.067535112118821,0.0656632580070426,22194,818,2,409.0,0.0368568081463458,0,1
862_OPPORTUNITY_id_21_HumanActivity_tr_500_1st_566.csv,0.0534295145363993,0.4144808335611190,0.0746506600762884,0.1022881654876160,0.1601779596742850,0.5003262250936140,0.6842548802661050,0.4841436795679510,0.0688231659382287,0.3420479383704530,0.9942843304863900,0.0574616694190946,0.0698037895661182,0.4907611636315810,0.6466392976763770,0.6761992498910420,0.1972647367149450,0.9714242672565150,0.9470922455686130,0.9381605023727380,0.0807044361658617,0.949358265364869,0.9940731638610900,0.05463386183731,0.0489426915921082,0.1091052240804910,0.0470610294312542,0.0566713650612775,0.0514130085902832,0.0477610042272344,0.0848714143314442,0.0875101691480496,15653,967,2,483.5,0.0617772950872037,0,1
863_OPPORTUNITY_id_22_HumanActivity_tr_808_1st_908.csv,0.1126752220389990,0.4446815856111980,0.1222590438849750,0.1676922942145710,0.0766969774401334,0.109898897997173,0.7375528651973130,0.2189549044809270,0.4318443249296770,0.6508190260259220,0.9955035516843990,0.1170264916381970,0.104045145195024,0.1022259338363640,0.1029883812021390,0.0966986986486321,0.4846499250848400,0.2809715463593750,0.9962498745130620,0.9961337429688060,0.126028658019537,0.9982268671402610,0.9990970116506290,0.1799054694539440,0.1261791597929170,0.11055930180809,0.1063452061108760,0.1095484686826660,0.1975103715325790,0.1034611927850750,0.0801631974422819,0.0873039496515881,9057,1142,1,1142.0,0.1260903168819700,0,1
865_OPPORTUNITY_id_24_HumanActivity_tr_2085_1st_2185.csv,0.0388167452149691,0.5487387688344700,0.0728493037260139,0.0754793508362281,0.0721978005347564,0.1037293001539880,0.1048570771065510,0.1095902617827040,0.0401762182340227,0.1446935474746730,0.9954174578054470,0.0339266302181035,0.0524781717840723,0.1585082082492700,0.1081076508129100,0.0969227229816868,0.0255884605994848,0.2931607585883680,0.0201086181118523,0.0201228407550592,0.0428402146114723,0.020179565755659,0.0207413787181795,0.0217675072521749,0.0404136182639413,0.0355679259447591,0.0261992367387437,0.0311283335016864,0.0321465926249359,0.0335399241940311,0.0867662837314623,0.0872812743426917,22194,818,2,409.0,0.0368568081463458,0,1
866_OPPORTUNITY_id_25_HumanActivity_tr_6213_1st_7311.csv,0.0299905761110771,0.2642141468458870,0.0508242584070132,0.0675912317461119,0.04530046582786,0.3231005105524490,0.228376528737035,0.1197165960288140,0.0284836522868556,0.2282582552547460,0.9967320638121810,0.0269491861334333,0.055733642485731,0.4827478155025660,0.5088470835902380,0.2176150734854300,0.0265921214189819,0.0332768796457443,0.78924848920351,0.788245236887595,0.0379897231313992,0.8649094315952330,0.9954631099428420,0.0489430157063212,0.0260976370473304,0.0255887494091868,0.0242265817880002,0.02675777641251,0.0274384799555474,0.0255557258459699,0.0313285390237217,0.032694227370922,24852,872,1,872.0,0.0350877192982456,0,1
867_OPPORTUNITY_id_26_HumanActivity_tr_808_1st_908.csv,0.1950825645797040,0.2099619494445330,0.1466780974188840,0.2668662420619400,0.1052524748525180,0.3067276713350030,0.6307056549941400,0.2342098542145470,0.1586049893838890,0.7621983046584690,0.9973456819500910,0.2267370529317480,0.1774199281503100,0.6461568745679440,0.3040833831162600,0.5395991186590770,0.0890683669602241,0.0995562536039049,0.9894357615958710,0.987802101573936,0.1305352727700650,0.989322361688862,0.9900414861258690,0.1117289203361840,0.073781583868494,0.0755310081321683,0.0728444126067166,0.081645293367826,0.2036818705078450,0.0754381061791526,0.0729952329430243,0.0730453177887594,9057,1142,1,1142.0,0.1260903168819700,0,1
868_OPPORTUNITY_id_27_HumanActivity_tr_2085_1st_2185.csv,0.0350448593825007,0.5175586503835270,0.0650479933450685,0.0772773775431396,0.0275974004714475,0.0902379560962212,0.0926753721010703,0.095802472981506,0.0283947036015016,0.1488497156780330,0.930707281230735,0.0334997978256459,0.0556283736243988,0.086081778217416,0.0731353359324261,0.0743537136460227,0.0581528633035119,0.8009043928468430,0.5218776152768580,0.5140320946121950,0.0399039819096227,0.595323440172707,0.8700221818821070,0.051307859256771,0.0257197922332333,0.0274517540873403,0.0241147984749759,0.0269791279984452,0.024810505010732,0.0250080239716726,0.0268778317623528,0.0268247902788533,22194,818,2,409.0,0.0368568081463458,0,1
869_OPPORTUNITY_id_28_HumanActivity_tr_500_1st_566.csv,0.0453643533619752,0.3725829067723200,0.0516856677565031,0.3864776839586230,0.5779053191369880,0.5048753643195550,0.3429311151070700,0.3482192699243690,0.7521307672257910,0.2157950599080910,0.9924368845704570,0.079446501284752,0.0920520123071031,0.7216106433821070,0.677364447334326,0.4562454763792250,0.0589354756054663,0.1700603981027580,0.8254880920960800,0.8141914434910860,0.0767653538611987,0.8285016817758430,0.9803703088298420,0.0803872799768027,0.0775446287338396,0.1475754988124090,0.0557543675410022,0.0854945841725452,0.0484852979883969,0.0508624038740174,0.1640946607012360,0.1631026645937070,15653,967,2,483.5,0.0617772950872037,0,1
870_OPPORTUNITY_id_29_HumanActivity_tr_1477_1st_1577.csv,0.0149421373830229,0.4001966942006400,0.2360773756077490,0.0467218534504622,0.1182113382276150,0.0955529733657088,0.0851782166436325,0.0770816718633117,0.0262325287275457,0.1803924177398170,0.9899096159762300,0.0138937175515707,0.0389908185344704,0.2686142878781380,0.0944009930909154,0.0635046488241605,0.0509140307102229,0.0906053331236893,0.8715735113936070,0.8573127360324510,0.0283583995953335,0.9140757517604930,0.985106954794408,0.0283899335347136,0.0357813315415913,0.0267131253908471,0.0255500357792817,0.0429725857744453,0.0403040160393941,0.038620374977351,0.0518059446917145,0.0573316730998939,18011,396,2,198.0,0.021986563766587,0,1